scope,event,country,date,date_basis,officials,summary,sources,source_rows,urls
dated,fitrell-drc-foreign-minister-meeting-2025-01,Democratic Republic of the Congo,2025-01-23,published,Troy Fitrell,"But as they edge closer to Burundi, the war risks dragging in more neighbours. DRC's Foreign Minister Thérèse Wagner with Troy Fitrell, a senior official at the ...",2,2,https://www.theafricareport.com/374599/military-escalation-in-eastern-drc-after-diplomatic-deadlock/ https://www.theafricareport.com/375430/drc-who-is-corneille-nangaa-the-man-leading-the-m23-rebels/
dated,shea-un-security-council-statement-2025-01,Rwanda,2025-01-26,published,Dorothy Shea,"At the UN Security Council, Acting Ambassador Dorothy Shea joined France in calling for a ceasefire and urged Rwanda to withdraw its support for the M23.",2,2,https://www.pbs.org/newshour/world/international-peacekeepers-killed-as-fighting-rages-around-key-eastern-congo-city https://www.reuters.com/world/africa/un-security-council-demands-m23-stop-offensive-eastern-congo-2025-01-27/
dated,fitrell-guinea-tenure-end-2025-01,Guinea,2025-01-28,published,Troy Fitrell,"Troy Fitrell, diplomático de carrera que acaba de completar una gira de tres años como embajador de Estados Unidos en Guinea, asumió el lunes como ...",1,1,https://noticiaspia.com/africa-trump-cambiara-las-relaciones-entre-estados-unidos-y-africa-cuanto-y-que-tan-rapido/
dated,drc-diplomat-washington-fitrell-meeting,Democratic Republic of the Congo,2025-01-31,published,Troy Fitrell,"A Congolese diplomat arrived in Washington on January 28, 2025, and met acting Assistant Secretary of State for African Affairs Troy Fitrell.",1,1,https://www.theafricareport.com/375367/congo-courts-washington-as-rwandan-backed-rebels-seize-goma/
dated,yilla-daba-ethiopia-health-meeting-2025-02,Ethiopia,2025-02-01,published,Mamadi Yilla,"Mamadi Yilla, Deputy Assistant Secretary of the US Department of State. ______ Minister of Health Dr. Mekdes Daba stated that the governments of ...",3,3,https://www.facebook.com/EthiopiaFMoH/photos/1016290817199815/ https://www.facebook.com/groups/191594355828889/posts/1223929412595373/ https://www.facebook.com/EthiopiaFMoH/photos/1329644015864492/
dated,shea-libya-un-tetteh-meeting-2025-02,Libya,2025-02-03,published,Dorothy Shea,"... Dorothy Shea"", last Monday in New York with the new Special Representative of the Secretary-General of the United Nations in Libya, ""Hannah Tetteh"".",1,1,https://lana.gov.ly/post.php?lang=en&id=326587
dated,shea-un-drc-statement-2025-02,Democratic Republic of the Congo,2025-02-04,published,Dorothy Shea,"U.S. Special Envoy to the UN, Ambassador Dorothy Shea voices her country's condemnation of the seizure of Goma and urged the UN Security Council ""to ...",1,1,https://ugandaradionetwork.net/story/drc-us-closes-embassy-tells-citizens-to-quit-immediately
dated,fitrell-guinea-ambassador-to-africa-bureau,Guinea,2025-02-04,published,Troy Fitrell,"Elle a précisé que Troy Fitrell sera ''basé à Washington DC où il soutiendra non seulement la Guinée, mais aussi l'ensemble du continent africain''. En tant ...",2,2,https://www.visionguinee.info/lambassadeur-des-etats-unis-en-guinee-prend-la-tete-du-bureau-des-affaires-africaines-du-departement-detat/ https://focusguinee.info/2025/02/07/lambassadeur-des-etats-unis-en-guinee-troy-damian-fitrell-nomme-a-la-tete-du-bureau-des-affaires-africaines-du-departement-detat-americain/
dated,boulos-appointed-africa-envoy-2025-02,Rwanda,2025-02-04,published,Massad Boulos,Rwandan media reported that President Trump would send Massad Boulos to Rwanda and the DRC.,1,1,https://peopletv.rw/donald-trump-agiye-kohereza-massad-boulos-mu-rwanda-na-rdc/
dated,fitrell-role-change-2025-02,Guinea,2025-02-06,published,Troy Fitrell,"... Troy Fitrell, former American ambassador to Guinea who has since become acting assistant secretary of state for African affairs at the State Department.",1,1,"https://www.africaintelligence.com/eastern-africa-and-the-horn/2025/02/06/ndayishimiye-prepares-for-potential-m23-advance-in-south-kivu,110372396-gra"
dated,boulos-egypt-libya-talks-2025-02,Libya,2025-02-08,published,Massad Boulos,"US Presidential Advisor for African Affairs, Massad Boulos, has discussed efforts to resolve the crisis in Libya with Egyptian Foreign Minister, Badr Abdelatty.",1,1,https://libyaobserver.ly/inbrief/libyan-file-table-trumps-advisor-and-egyptian-foreign-minister
dated,fitrell-rwanda-nduhungirehe-talks-february,Rwanda,2025-02-12,published,Troy Fitrell,Foreign Minister Olivier Nduhungirehe held talks with acting Assistant Secretary Troy Fitrell on regional security and bilateral ties.,1,1,https://www.newtimes.co.rw/article/24005/news/africa/nduhungirehe-top-us-diplomat-discuss-regional-security-bilateral-ties
dated,orr-honduras-delegation-2025-02,Honduras,2025-02-14,published,Caleb Orr,Assistant Secretary Caleb Orr led a delegation of U.S. economic agencies to Tegucigalpa.,2,2,https://www.threads.com/@radioamericahn/post/DGD36OMufqa?hl=es https://www.threads.com/@radioamericahn/post/DG-3IvrOoV9/las-elecciones-primarias-e-internas-de-honduras-para-escoger-a-los-candidatos-a-
dated,checker-burkina-faso-ouagadougou-thaw,Burkina Faso,2025-02-15,published,Nick Checker,"La visite de l'émissaire américain Nick Checker amorce un réchauffement entre Washington et Ouagadougou · Un marine, dans la base américaine du Camp Lemonnier, ...",5,5,https://www.rfi.fr/fr/afrique/20250215-le-chef-d-%C3%A9tat-major-des-arm%C3%A9es-du-nigeria-emp%C3%AAch%C3%A9-de-se-rendre-au-canada-faute-de-visa https://www.rfi.fr/fr/afrique/20250726-tunisie-des-centaines-de-manifestants-d%C3%A9noncent-le-r%C3%A9gime-du-pr%C3%A9sident-ka%C3%AFs-sa%C3%AFed https://www.rfi.fr/fr/afrique/20250528-maroc-les-centres-d-appels-inquiets-de-la-loi-fran%C3%A7aise-qui-interdit-le-d%C3%A9marchage-t%C3%A9l%C3%A9phonique https://www.rfi.fr/fr/afrique/20250812-mali-les-autorit%C3%A9s-ont-entam%C3%A9-la-restitution-des-manuscrits-de-tombouctou https://www.agenceafrique.com/60850-le-burkina-faso-et-la-russie-signent-une-convention-de-cooperation-dans-le-domaine-culturel.html
dated,boulos-drc-peace-proposal-2025-02,Democratic Republic of the Congo,2025-02-16,published,Massad Boulos,"Massad Boulos, Trump's senior adviser for Africa, told Reuters in May that Washington wanted a peace agreement finalised “within… News DRC | Jan 25, 2025 ...",1,1,https://our.today/tag/m23-insurgency/
dated,shea-condemns-m23-rwanda-bukavu-seizure,Democratic Republic of the Congo,2025-02-20,published,Dorothy Shea,Ambassador Dorothy Shea: The United States strongly condemns the seizure of Kavumu airport and the city of Bukavu by M23 and Rwandan forces.,1,1,https://x.com/AfricaMediaHub/status/1892512707087151406
dated,mills-statement-nigeria-2025-02,Nigeria,2025-02-20,published,Richard Mills,"The United States Ambassador to Nigeria, Richard Mills, has dismissed allegations that the United States Agency for International Development (USAID) funds ...",1,1,https://www.instagram.com/p/DGShcCdKrBC/?hl=en
dated,shea-condemns-m23-rwanda-bukavu-seizure,Rwanda,2025-02-20,published,Dorothy Shea,Ambassador Dorothy Shea: The United States strongly condemns the seizure of Kavumu airport and the city of Bukavu by M23 and Rwandan forces.,1,1,https://x.com/AfricaMediaHub/status/1892512707087151406
dated,orr-honduras-elsalvador-private-sector-trip,El Salvador,2025-02-24,published,Caleb Orr,Assistant Secretary Caleb Orr announced a visit to El Salvador and Honduras with representatives of the Commerce Department and the U.S. International Development Finance Corporation.,10,10,https://www.facebook.com/unetvhn/photos/1131619265801414/ https://www.facebook.com/photo.php?fbid=1148162477480426&id=100068600544265&set=a.589937833302896 https://www.facebook.com/photo.php?fbid=1156038380026169&id=100068600544265&set=a.589937833302896 https://www.facebook.com/unetvhn/posts/atenci%C3%B3n-el-subsecretario-estadounidense-caleb-orr-llegar%C3%A1-la-pr%C3%B3xima-semana-a-h/1330470665916272/ https://www.threads.com/@radioamericahn/post/DGeZTN-y2GO/el-coordinador-residente-de-las-naciones-unidas-en-honduras-alejandro-%C3%A1lvarez-vi https://www.instagram.com/p/DIr79BmyI8d/ https://www.threads.com/@radioamericahn/post/DIupa0ItOq4/roban-el-bolso-de-secretaria-de-seguridad-nacional-de-eeuu-con-3000-d%C3%B3lares-en-e https://x.com/EconAtState/status/2052824189862649997 https://www.infobae.com/el-salvador/2026/05/08/caleb-orr-encabezara-visita-de-eeuu-a-el-salvador-y-honduras-para-explorar-oportunidades-en-diversos-sectores/ https://www.hondudiario.com/2026/05/09/subsecretario-caleb-orr-visitara-honduras-para-promover-inversiones-y-comercio-estrategico/
dated,us-ethiopia-bilateral-structured-dialogue-framework-signing,Ethiopia,2025-02-24,stated,Allison Hooker,"... Allison Hooker, Under Secretary for Political Affairs, on behalf of the United States. The Bilateral Structured Dialogue Framework covers three key areas of ...",2,2,https://www.facebook.com/melie.s.view/posts/%E1%8B%B3%E1%88%AD%E1%8C%8B-%E1%8B%88%E1%8B%B5%E1%8A%A1%E1%8B%8B-%E1%8A%A5%E1%8B%A9-%E1%8D%80%E1%8A%95%E1%88%91-%E1%8B%8B-%E1%8A%A5%E1%89%B0%E1%8A%95-%E1%8B%9D%E1%89%A0%E1%88%8D%E1%8B%90%E1%8A%95-%E1%8A%A5%E1%8B%8D%E1%8A%95%E1%89%B1%E1%8D%8D-%E1%8A%AD%E1%89%A5%E1%88%8D-%E1%8B%AD%E1%8C%8D%E1%89%A3%E1%8A%A5highlight/3149869535176888/ https://www.facebook.com/ethiopianembassyabuja/posts/1386059146901886/
dated,orr-honduras-elsalvador-private-sector-trip,Honduras,2025-02-24,published,Caleb Orr,Assistant Secretary Caleb Orr announced a visit to El Salvador and Honduras with representatives of the Commerce Department and the U.S. International Development Finance Corporation.,10,10,https://www.facebook.com/unetvhn/photos/1131619265801414/ https://www.facebook.com/photo.php?fbid=1148162477480426&id=100068600544265&set=a.589937833302896 https://www.facebook.com/photo.php?fbid=1156038380026169&id=100068600544265&set=a.589937833302896 https://www.facebook.com/unetvhn/posts/atenci%C3%B3n-el-subsecretario-estadounidense-caleb-orr-llegar%C3%A1-la-pr%C3%B3xima-semana-a-h/1330470665916272/ https://www.threads.com/@radioamericahn/post/DGeZTN-y2GO/el-coordinador-residente-de-las-naciones-unidas-en-honduras-alejandro-%C3%A1lvarez-vi https://www.instagram.com/p/DIr79BmyI8d/ https://www.threads.com/@radioamericahn/post/DIupa0ItOq4/roban-el-bolso-de-secretaria-de-seguridad-nacional-de-eeuu-con-3000-d%C3%B3lares-en-e https://x.com/EconAtState/status/2052824189862649997 https://www.infobae.com/el-salvador/2026/05/08/caleb-orr-encabezara-visita-de-eeuu-a-el-salvador-y-honduras-para-explorar-oportunidades-en-diversos-sectores/ https://www.hondudiario.com/2026/05/09/subsecretario-caleb-orr-visitara-honduras-para-promover-inversiones-y-comercio-estrategico/
dated,fitrell-liberia-meeting-2025-03,Liberia,2025-03-05,published,Troy Fitrell,A Liberian delegation's meetings in Washington were to include talks with Senior Bureau Official Troy Fitrell.,1,1,https://allafrica.com/stories/202503050173.html
dated,yilla-ethiopia-health-commitment-2025-03,Ethiopia,2025-03-07,published,Mamadi Yilla,"Dr. Mamadi Yilla, Deputy Assistant Secretary of the US Department of State, expressed the US government's strong commitment to supporting Ethiopia's health ...",7,7,https://www.facebook.com/EthiopiaFMoH/photos/1041261641369399/ https://www.facebook.com/61573863635928/?locale=es_LA https://www.facebook.com/hosp.hara/photos/2180099429399416/ https://www.facebook.com/groups/191594355828889/posts/1241417070846607/ https://www.facebook.com/nassiryulibi/posts/2855386071478803/ https://www.facebook.com/100089595280909/posts/minister-of-health-dr-mekdes-daba-discussed-government-to-government-health-matt/998164796513354/ https://www.moh.gov.et/node/445
dated,rubio-philippines-visit-lipton-2025-03,Philippines,2025-03-09,published,Marco Rubio,Secretary Marco Rubio shakes hands with Ambassador to the Philippines Lee Lipton during his trip to. Secretary and Mrs. Rubio are seen smiling ...,1,1,https://www.instagram.com/p/DG_qngeyK_J/
dated,mills-nigeria-event-2025-03,Nigeria,2025-03-11,published,Richard Mills,"The event featured prominent speakers, including US Ambassador to Nigeria, Richard Mills, who reaffirmed the US commitment to strengthening ties with Nigeria.",1,1,https://www.facebook.com/NigerianTribune/posts/the-united-states-ambassador-to-nigeria-richard-mills-jr-has-reaffirmed-that-the/1067700762052638/
dated,jackson-great-lakes-congressional-visit,Burundi,2025-03-13,published,Ronny Jackson,"U.S. Congressman Ronny Jackson visited the Great Lakes region, including the DRC, Rwanda, Burundi and Uganda, and testified on the trip.",2,2,"https://www.africaintelligence.com/central-africa/2025/03/13/kinshasa-hopes-us-congressman-visit-will-make-up-for-missed-washington-meeting,110386624-bre https://www.instagram.com/p/DHqucMcgD5F/?hl=zh-cn"
dated,jackson-great-lakes-congressional-visit,Democratic Republic of the Congo,2025-03-13,published,Ronny Jackson,"U.S. Congressman Ronny Jackson visited the Great Lakes region, including the DRC, Rwanda, Burundi and Uganda, and testified on the trip.",2,2,"https://www.africaintelligence.com/central-africa/2025/03/13/kinshasa-hopes-us-congressman-visit-will-make-up-for-missed-washington-meeting,110386624-bre https://www.instagram.com/p/DHqucMcgD5F/?hl=zh-cn"
dated,jackson-great-lakes-congressional-visit,Rwanda,2025-03-13,published,Ronny Jackson,"U.S. Congressman Ronny Jackson visited the Great Lakes region, including the DRC, Rwanda, Burundi and Uganda, and testified on the trip.",2,2,"https://www.africaintelligence.com/central-africa/2025/03/13/kinshasa-hopes-us-congressman-visit-will-make-up-for-missed-washington-meeting,110386624-bre https://www.instagram.com/p/DHqucMcgD5F/?hl=zh-cn"
dated,jackson-great-lakes-congressional-visit,Uganda,2025-03-13,published,Ronny Jackson,"U.S. Congressman Ronny Jackson visited the Great Lakes region, including the DRC, Rwanda, Burundi and Uganda, and testified on the trip.",2,2,"https://www.africaintelligence.com/central-africa/2025/03/13/kinshasa-hopes-us-congressman-visit-will-make-up-for-missed-washington-meeting,110386624-bre https://www.instagram.com/p/DHqucMcgD5F/?hl=zh-cn"
dated,jackson-kigali-meeting-2025-03-20,Rwanda,2025-03-20,stated,Ronny Jackson,"President Kagame met U.S. Congressman Ronny Jackson in Kigali on March 20, 2025.",1,1,https://www.flickr.com/photos/paulkagame/54399043956/
dated,rubio-first-central-america-trip,Costa Rica,2025-03-25,published,Marco Rubio,"Secretary Rubio's first trip abroad took him to Panama, El Salvador, Costa Rica, Guatemala and the Dominican Republic.",1,1,https://ine.org.pl/en/marco-rubios-first-month-map/
dated,rubio-first-central-america-trip,El Salvador,2025-03-25,published,Marco Rubio,"Secretary Rubio's first trip abroad took him to Panama, El Salvador, Costa Rica, Guatemala and the Dominican Republic.",1,1,https://ine.org.pl/en/marco-rubios-first-month-map/
dated,rubio-first-central-america-trip,Guatemala,2025-03-25,published,Marco Rubio,"Secretary Rubio's first trip abroad took him to Panama, El Salvador, Costa Rica, Guatemala and the Dominican Republic.",1,1,https://ine.org.pl/en/marco-rubios-first-month-map/
dated,rubio-first-central-america-trip,Panama,2025-03-25,published,Marco Rubio,"Secretary Rubio's first trip abroad took him to Panama, El Salvador, Costa Rica, Guatemala and the Dominican Republic.",1,1,https://ine.org.pl/en/marco-rubios-first-month-map/
dated,boulos-remarks-rwanda-2025-03,Rwanda,2025-03-28,published,Massad Boulos,The U.S. Embassy in Kigali reported on Congressman Ronny Jackson's visit to Rwanda.,1,1,https://rw.usembassy.gov/category/u-s-government-leaders/
dated,jackson-rwanda-visit-2025-03,Rwanda,2025-03-28,published,Ronny Jackson,"Congressman Ronny Jackson visited Rwanda on March 20–21, 2025.",1,1,https://rw.usembassy.gov/strengthening-ties-congressman-ronny-jacksons-visit-to-rwanda/
dated,shea-un-statement-congo-sanctions-2025-03,Rwanda,2025-03-28,published,Dorothy Shea,"At the UN Security Council, chargé d'affaires Dorothy Shea said the DRC and Rwanda needed to do more than sign communiqués.",1,1,https://passblue.com/2025/03/28/congo-wants-stiffer-sanctions-on-rwanda-envoy-tells-un-security-council/
dated,boulos-appointed-africa-adviser-2025-04,Rwanda,2025-04-02,published,Massad Boulos,Businessman Massad Boulos has been appointed senior adviser for Africa at the State Department and is heading to the continent this week.,1,1,https://www.semafor.com/article/04/01/2025/massad-boulos-appointed-to-state-department-africa-role
dated,boulos-drc-visit-2025-04,Democratic Republic of the Congo,2025-04-03,published,Massad Boulos,"Massad Boulos, Trumps new Senior Advisor for Africa and father-in-law to daughter Tiffany Trump, kicks starts his first official trip on the continent, ...",2,2,https://www.npr.org/2025/04/03/nx-s1-5350980/mineral-rich-war-torn-drc-first-stop-for-trumps-new-africa-czar https://www.eenews.net/articles/trump-adviser-says-congo-minerals-deal-advancing/
dated,boulos-drc-visit-2025-04,Democratic Republic of the Congo,2025-04-03,published,Massad Boulos,Senior Advisor for Africa Massad Boulos began his first official trip to the continent in the DRC.,2,2,https://www.npr.org/2025/04/03/nx-s1-5350980/mineral-rich-war-torn-drc-first-stop-for-trumps-new-africa-czar https://www.eenews.net/articles/trump-adviser-says-congo-minerals-deal-advancing/
dated,boulos-drc-minerals-deal-path-forward,Democratic Republic of the Congo,2025-04-04,published,Massad Boulos,"After meeting DRC officials, Senior Advisor Boulos announced agreement with the president on a path forward for development.",1,1,https://www.bbc.com/news/articles/cp34140qkw0o
dated,hooker-nigeria-kaduna-abductions-concern,Nigeria,2025-04-04,published,Allison Hooker,Allison Hooker Under Secretary of State for Political Affairs. US Official Raises Fresh Concerns Over Kaduna Abductions. But Government's Blind Eye to ...,1,1,https://truthnigeria.com/2025/04/emaciated-christian-hostages-survive-3-months-of-torture-at-hands-of-islamist-terrorists/
dated,kozma-panama-mides-carles-health,Panama,2025-04-05,published,Bethany Kozma,"Bethany Kozma, director of the Office of Global Affairs at the U.S. Department of Health and Human Services, took part in meetings in Panama.",85,85,https://www.instagram.com/p/DFLS7xQxpUS/ https://www.instagram.com/p/DFfkJRIOaAj/ https://www.instagram.com/p/DFbezaTN4rK/ https://www.instagram.com/p/DGEFZ1HyytU/ https://www.instagram.com/reel/DGgTtXaPVHq/ https://www.instagram.com/reel/DGoAnOSRYfp/ https://www.instagram.com/reel/DHUSrUwRVZx/ https://www.instagram.com/reel/DHf_9otuSvn/ https://www.instagram.com/p/DIEsaIeudkM/ https://www.instagram.com/reel/DH_fj35xZ4R/?hl=en https://www.instagram.com/p/DH9YlShyiXj/ https://www.instagram.com/p/DH4WjmlSIhW/?img_index=9
dated,boulos-press-conference-kigali-2025-04,Rwanda,2025-04-08,published,Massad Boulos,"U.S. President Donald Trump's Senior Advisor for Africa Massad Boulos addresses a press conference at the U.S. Embassy in Kigali, Rwanda April 8, 2025.",1,1,https://www.reutersconnect.com/item/us-president-donald-trumps-senior-advisor-for-africa-massad-boulos-addresses-a-press-conference-at-the-us-embassy-in-kigali/dGFnOnJldXRlcnMuY29tLDIwMjU6bmV3c21sX1JDMlJUREFJMjVSSA
dated,boulos-tshisekedi-kinshasa-meeting-2025-04,Democratic Republic of the Congo,2025-04-09,published,Massad Boulos,Massad Boulos met President Tshisekedi today in Kinshasa to discuss ways to enhance our bilateral partnership and make both our countries more prosperous.,3,3,https://x.com/AsstSecStateAF/status/1907906962853147069 https://www.facebook.com/DOSAfricanAffairs/videos/state-department-senior-advisor-for-africa-massad-boulos-met-president-tshiseked/2837338783120505/ https://friendsofthecongo.org/drc-usa-massad-boulos-holds-talks-with-felix-tshisekedi/
dated,drc-repatriates-three-us-citizens-post-boulos,Democratic Republic of the Congo,2025-04-11,published,Massad Boulos,"After Senior Advisor Boulos's visit, the DRC repatriated three U.S. citizens it said were involved in a failed coup attempt.",1,1,https://www.semafor.com/article/04/11/2025/trumps-africa-envoy-laid-groundwork-for-minerals-deal-in-dr-congo
dated,garcia-nigeria-meeting-2025-04,Nigeria,2025-04-14,published,Frank Garcia,"U.S. Assistant Secretary of State for African Affairs Frank Garcia with Nigeria's National Security Adviser,. PRESS RELEASE – Assistant Secretary Frank Garcia ...",1,1,https://ng.usembassy.gov/
dated,mills-nigeria-headies-2025-04,Nigeria,2025-04-15,published,Richard Mills,"U.S. Ambassador Richard Mills discussing with Ayo Animashaun, Executive Producer, The Headies Award at Lagos—For the third consecutive year, the U.S. ...",1,1,https://ng.usembassy.gov/u-s-ambassador-honors-nigerias-thriving-music-industry-at-headies-pre-award-reception/
dated,hooker-philippines-dfa-meeting-2025-04,Philippines,2025-04-15,published,Allison Hooker,Under Secretary of State for Political Affairs Allison Hooker joined Department of Foreign Affairs Secretary Ma. Theresa Lazaro and Ambassador ...,2,2,https://www.facebook.com/USEmbassyPH/photos/1121980909969009/ https://m.facebook.com/100064713306722/photos/1157224666444633/
dated,shea-un-statement-south-sudan-violence-2025-04,South Sudan,2025-04-17,published,Dorothy Shea,"At the UN Security Council on April 16, 2025, Ambassador Dorothy Shea warned of escalating violence in South Sudan.",1,1,https://www.eyeradio.org/u-s-warns-of-escalating-violence-in-s-sudan-at-un-security-council/
dated,stevens-ghana-forum-2025-04,Ghana,2025-04-22,published,William Stevens,Deputy Assistant Secretary William Stevens presented the administration's Africa priorities at the African Leaders and Partners Forum 2025.,1,1,https://washington.mfa.gov.gh/news-events-details/1/african-leaders-and-partners-forum-2025
dated,us-hosts-drc-rwanda-peace-initiative-april,Democratic Republic of the Congo,2025-04-25,published,Troy Fitrell,"Troy Fitrell held talks on peace, security and investment on April 22, 2025.",1,1,https://www.theafricareport.com/382357/us-to-host-drc-and-rwanda-for-peace-initiative/
dated,us-hosts-drc-rwanda-peace-initiative-april,Rwanda,2025-04-25,published,Troy Fitrell,"Troy Fitrell held talks on peace, security and investment on April 22, 2025.",1,1,https://www.theafricareport.com/382357/us-to-host-drc-and-rwanda-for-peace-initiative/
dated,fitrell-niger-meeting-2025-04,Niger,2025-04-28,published,Troy Fitrell,"Cette semaine, le haut responsable du Bureau des Affaires Africaines, Ambassadeur Troy Fitrell, a accueilli le Premier Ministre Nigérien, Lamine Zeine, au ...",1,1,https://ne.usembassy.gov/fr/ambassadeur-troy-fitrell-a-accueilli-le-premier-ministre-nigerien-lamine-zeine/
dated,fitrell-rwanda-strategic-dialogue-launch-2025-04,Rwanda,2025-04-28,published,Troy Fitrell,Troy Fitrell met senior Rwandan officials for the first U.S.-Rwanda bilateral strategic dialogue.,2,2,https://www.minaffet.gov.rw/updates/news-details/rwanda-and-united-states-launch-strategic-bilateral-dialogue-1 https://www.criticalthreats.org/briefs/congo-war-security-review/congo-war-security-review-april-30-2025
dated,senegal-us-cooperation-difficulties,Senegal,2025-04-28,published,Troy Fitrell,"... Troy Fitrell. Senegal is far from being the only country on the continent facing this type of problem, with other states, including Morocco, also affected ...",1,1,"https://www.africaintelligence.com/west-africa/2025/04/28/dakar-struggles-to-cooperate-with-us-authorities-on-immigration,110440719-art"
dated,fitrell-ethiopia-wb-imf-meeting-2025-04,Ethiopia,2025-04-29,published,Troy Fitrell,"On the sidelines of the 2025 WB-IMF Spring Meetings, the discussion brought together US State Department officials including Ambassador Troy Fitrell, Senior ...",1,1,https://www.ena.et/web/eng/w/eng_6500861
dated,boulos-drc-rwanda-peace-brokering-2025-05,Democratic Republic of the Congo,2025-05-05,published,Massad Boulos,"... Massad Boulos, President Donald Trump's adviser on Africa, is confident that the US will broker a peace deal between DRC and Rwanda. / Photo: Reuters / Reuters.",1,1,https://www.trtafrika.com/english/article/ca7e82dc5d30
dated,mills-tijani-meeting-2025-05,Nigeria,2025-05-06,published,Richard Mills,"Tijani received the United States Ambassador to Nigeria, Richard Mills, Jr. in his office to discuss ongoing collaboration between both our countries in the ...",1,1,https://fmcide.gov.ng/weekinreview-full-week-recap-of-activities-of-the-honourable-minister-dr-bosun-tijani-vol-84/
dated,kozma-guatemala-ambassador-health,Guatemala,2025-05-07,published,Bethany Kozma,"Bethany Kozma met Guatemala's ambassador in Geneva, José Francisco Calí Tzay.",21,21,https://www.facebook.com/usmissiongeneva/photos/great-meeting-today-with-guatemalas-ambassador-jos%C3%A9-francisco-cali-tzay-i-apprec/1101832665322254/ https://www.facebook.com/usmissiongeneva/photos/1129958129176374/ https://www.facebook.com/usmissiongeneva/photos/1166165095555677/ https://www.facebook.com/usmissiongeneva/photos/1194030229435830/ https://www.facebook.com/usmissiongeneva/photos/1204523798386473/ https://www.facebook.com/usmissiongeneva/photos/1213395137499339/ https://www.facebook.com/usmissiongeneva/photos/1213395134166006/ https://www.facebook.com/usmissiongeneva/photos/1267806768724842/ https://www.facebook.com/usmissiongeneva/photos/1267806615391524/ https://www.facebook.com/usmissiongeneva/photos/1290664253105760/ https://www.facebook.com/usmissiongeneva/photos/1333520648820120/ https://www.facebook.com/usmissiongeneva/photos/1382618653910319/
dated,fitrell-guinea-ambassador-farewell,Guinea,2025-05-07,published,Troy Fitrell,"Adieux de l'ambassadeur Troy Fitrell : « J'adore la Guinée, j'adore les Guinéens » ... Après trois années passées à Conakry, l'ambassadeur des États-Unis en ...",1,1,https://djamanainfo.com/adieux-de-lambassadeur-troy-fitrell-jadore-la-guinee-jadore-les-guineens/
dated,fitrell-west-africa-trip-2025-05,Guinea,2025-05-08,published,Troy Fitrell,"Senior Bureau Official for African Affairs Troy Fitrell, is travelling to Conakry, Guinea, and Abidjan, Côte d'Ivoire, from May 7 – 14 as part of a State ...",1,1,https://gn.usembassy.gov/media-note-senior-bureau-official-for-african-affairs-commercial-diplomacy-trip/
dated,boulos-libya-frozen-assets-2025-05,Libya,2025-05-08,published,Massad Boulos,Envoy Massad Boulos purportedly held talks with Tripoli-based government about sharing billions of dollars in frozen Libyan state assets.,1,1,https://www.middleeasteye.net/news/libya-and-trump-administration-discussed-sharing-billions-dollars-frozen-funds-sources-say
dated,unsc-extends-south-sudan-mission,South Sudan,2025-05-08,published,Dorothy Shea,"At the UN Security Council, Acting Representative Dorothy Shea called on the international community to bring South Sudan back from the brink.",1,1,https://news.un.org/en/story/2025/05/1163061
dated,shea-un-statement-south-sudan-2025-05,South Sudan,2025-05-09,published,Dorothy Shea,"At the UN Security Council, Ambassador Dorothy Shea questioned the legitimacy of President Salva Kiir's government in South Sudan.",2,2,https://www.eyeradio.org/south-sudan-on-the-brink-u-s-tells-un-security-council/ https://chimpreports.com/u-s-south-sudan-government-risks-losing-legitimacy/
dated,fitrell-guinea-deal-2025-05,Guinea,2025-05-10,published,Troy Fitrell,Sr. Bureau Official Troy Fitrell congratulated U.S. company Cybastion and the Guinean government on another new $100 million deal in Guinea that provides ...,1,1,https://www.facebook.com/DOSAfricanAffairs/photos/sr-bureau-official-troy-fitrell-congratulated-us-company-cybastion-and-the-guine/1121700613330529/
dated,boulos-africa-visit-2025-04,Rwanda,2025-05-16,published,Massad Boulos,Senior Advisor Boulos travelled to the DRC and Rwanda in April 2025 and urged Kigali to end its support for the M23.,2,2,https://www.newtimes.co.rw/article/26477/news/africa/trump-advisor-discusses-peace-deal-with-kagame-tshisekedi https://www.aljazeera.com/news/2025/6/19/dr-congo-and-rwanda-sign-draft-peace-agreement
dated,shea-south-sudan-civil-war-warning,South Sudan,2025-05-18,published,Dorothy Shea,Acting Representative Dorothy Shea warned that South Sudan was on the brink of civil war and urged the government to release Riek Machar.,1,1,https://www.theeastafrican.co.ke/tea/news/east-africa/congolese-palestinian-sudanese-idp-numbers-too-high-5045172
dated,fitrell-cote-divoire-trade-strategy-launch,Cote d'Ivoire,2025-05-19,published,Troy Fitrell,"At the strategy's launch in Ivory Coast, Troy Fitrell, African Affairs senior bureau official, said U.S. envoys will now be assessed on commercial deals, not ...",26,26,https://www.facebook.com/DailyMonitor/posts/african-countries-must-urgently-rethink-their-economic-strategies-to-mitigate-th/1096350039189704/ https://www.facebook.com/us.emb.addisababa/posts/we-no-longer-see-africa-as-a-continent-in-need-of-handouts-but-as-a-capable-comm/1036155402008622/ https://www.facebook.com/TheHeraldZimbabwe/posts/us-makes-africa-a-geo-economic-battleground/1267272288761205/ https://www.facebook.com/groups/1404515516583013/posts/2730777463956805/ https://www.facebook.com/BusinessTechSA/posts/us-president-donald-trump-on-tuesday-signed-a-law-extending-a-preferential-trade/2001226920697709/ https://www.facebook.com/foreign.policy.magazine/posts/us-africa-policy-has-been-stripped-trade-off-by-trade-off-of-its-vitality-and-ef/1366094505382177/ https://www.facebook.com/DOSAfricanAffairs/posts/trade-over-aid-opportunity-over-dependency-investment-over-assistance-under-secr/1492131822954071/ https://www.facebook.com/CitizenTVKe/posts/commercial-diplomacyus-push-for-a-bigger-piece-of-the-african-marketus-targets-1/1647285156756819/ https://www.liberianobserver.com/news/u-s-pivots-to-six-point-trade-strategy-for-africa/article_33e8230f-09dc-4da0-96c0-ee0cf6f9ed7d.html https://www.facebook.com/groups/628052304529259/posts/1670223036978842/ https://www.facebook.com/groups/704059633954497/posts/1516204562739996/ https://www.facebook.com/groups/1161093015394348/posts/1311700293666952/
dated,boulos-libya-statement-2025-05,Libya,2025-05-20,published,Massad Boulos,"Massad Boulos has emphasized the importance of ending violence in Libya and containing tensions in the capital, Tripoli.",1,1,https://libyaobserver.ly/inbrief/trump-advisor-urges-end-violence-libya-calls-calming-tensions-tripoli
dated,boulos-egypt-visit-2025-05,Egypt,2025-05-21,published,Massad Boulos,"Cairo, Egypt – U.S. Senior Advisor for Africa, Massad Boulos, visited Egypt from May 17-20, 2025, to consult on efforts to advance regional peace and security.",1,1,https://eg.usembassy.gov/u-s-senior-advisor-for-africa-visits-egypt/
dated,mills-nigeria-media-event-2025-05,Nigeria,2025-05-22,published,Richard Mills,"The U.S. Ambassador to Nigeria, Richard Mills, has highlighted the vital role of the media in upholding democracy worldwide. He spoke during a weeklong ...",1,1,https://www.facebook.com/von.newsroom/posts/the-us-ambassador-to-nigeria-richard-mills-has-highlighted-the-vital-role-of-the/9883374221721392/
dated,checker-south-sudan-visit-2025-05,South Sudan,2025-05-22,published,Nick Checker,"Senior Bureau Official Nick Checker visited Juba, South Sudan.",1,1,https://ss.usembassy.gov/category/news/page/4/
dated,boulos-drc-peace-negotiations-2025-06,Democratic Republic of the Congo,2025-06-02,published,Massad Boulos; Troy Fitrell,"Troy Fitrell, a former US ambassador to Guinea, will appear before the Senate Foreign Relations Committee's Subcommittee on Africa and Global Health Policy on ...",1,2,https://www.theafricareport.com/385199/us-africa-week-ahead-top-africa-diplomat-pitches-commercial-diplomacy-on-capitol-hill/
dated,boulos-egypt-libya-stability-2025-06,Egypt,2025-06-02,published,Massad Boulos,"Cairo— Both Massad Boulos, President Donald Trump's Senior Advisor on Arab and Middle Eastern Affairs, and Badr Abdelaatty, the Egyptian FM, agreed on “the ...",1,1,https://www.thetripolipost.org/u-s-egypt-agree-on-need-for-stability-unity-in-libya/
dated,boulos-egypt-libya-agreement-2025-06,Libya,2025-06-02,published,Massad Boulos,"Cairo— Both Massad Boulos, President Donald Trump's Senior Advisor on Arab and Middle Eastern Affairs, and Badr Abdelaatty, the Egyptian FM, agreed on “the ...",1,1,https://www.thetripolipost.org/u-s-egypt-agree-on-need-for-stability-unity-in-libya/
dated,landau-mesoamerica-trip-2025-06,El Salvador,2025-06-09,published,Landau,"Deputy Secretary of State Christopher Landau will travel to Mexico, El Salvador, and Guatemala from June 10-13.",1,1,https://sv.usembassy.gov/deputy-secretary-landaus-travel-to-mexico-el-salvador-and-guatemala/
dated,landau-mexico-el-salvador-guatemala-trip-2025-06,Guatemala,2025-06-09,published,Landau,"Deputy Secretary of State Christopher Landau will travel to Mexico, El Salvador, and Guatemala from June 10-13.",1,2,https://sv.usembassy.gov/deputy-secretary-landaus-travel-to-mexico-el-salvador-and-guatemala/
dated,landau-mexico-el-salvador-guatemala-trip-2025-06,Mexico,2025-06-09,published,Landau,"Deputy Secretary of State Christopher Landau will travel to Mexico, El Salvador, and Guatemala from June 10-13.",1,2,https://sv.usembassy.gov/deputy-secretary-landaus-travel-to-mexico-el-salvador-and-guatemala/
dated,fitrell-drc-minerals-event-2025-06,Democratic Republic of the Congo,2025-06-12,published,Troy Fitrell,"In the presence of Troy Fitrell, senior bureau official of the US State Department's Africa Bureau, the Africa Center launches a new publication where six ...",2,2,https://www.atlanticcouncil.org/event/beyond-critical-minerals-capitalizing-on-the-drcs-vast-opportunities/ https://www.atlanticcouncil.org/programs/africa-center/democratic-republic-of-the-congo/
dated,fitrell-drc-minerals-event-2025-06,Democratic Republic of the Congo,2025-06-12,published,Troy Fitrell,Troy Fitrell attended the Atlantic Council Africa Center's launch of a publication on the DRC's opportunities beyond critical minerals.,2,2,https://www.atlanticcouncil.org/event/beyond-critical-minerals-capitalizing-on-the-drcs-vast-opportunities/ https://www.atlanticcouncil.org/programs/africa-center/democratic-republic-of-the-congo/
dated,boulos-libya-visit-2025-06,Libya,2025-06-12,published,Massad Boulos,"US President Donald Trump's envoy to Africa, Massad Boulos, is scheduled to make his first official visit to Libya next week, amid escalating tensions in both ...",2,2,https://www.middleeasteye.net/news/trump-envoy-massad-boulos-visit-libya-amid-rising-tensions-sources-say https://libyaobserver.ly/news/trump-advisor-massad-boulos-visit-libya-next-week
dated,hooker-philippines-independence-remarks-2025-06,Philippines,2025-06-13,published,Allison Hooker,"Delivering remarks on behalf of Under Secretary of State for Political Affairs Allison Hooker, U.S. Ambassador to the Philippines MaryKay Carlson declared ...",1,1,https://philippineembassy-dc.org/ironclad-philippines-u-s-ties-lauded-at-127th-philippine-independence-day-diplomatic-reception/
dated,egypt-fm-boulos-call-2025-06,Egypt,2025-06-15,published,Massad Boulos,Egyptian Foreign Minister Badr Abdelatty spoke on Sunday with US Special Envoy to the Middle East Steve Witkoff and Presidential Adviser Massad Boulos.,1,1,https://english.ahram.org.eg/NewsContent/1/1234/548028/Egypt/Foreign-Affairs/Egypt-FM-discuss-political-solutions-to-regional-c.aspx
dated,drc-rwanda-experts-initial-peace-text-2025-06,Democratic Republic of the Congo,2025-06-18,published,Allison Hooker,"Under Secretary Hooker took part in DRC–Rwanda peace talks in preparation for the ministerial signing of the peace agreement on June 27, 2025.",4,4,https://cd.usembassy.gov/joint-statement-on-peace-talks-between-the-democratic-republic-of-the-congo-and-the-republic-of-rwanda-mediated-by-the-united-states-and-observed-by-the-state-of-qatar/ https://www.state.gov/translations/french/declaration-conjointe-sur-les-pourparlers-de-paix-entre-la-republique-democratique-du-congo-et-la-republique-du-rwanda-sous-la-mediation-des-etats-unis-et-observes-par-le-qatar https://www.radiookapi.net/2025/06/19/actualite/politique/washington-les-experts-congolais-et-rwandais-paraphent-le-document https://x.com/radiookapi/status/1935545346492379586
dated,drc-rwanda-experts-initial-peace-text-2025-06,Rwanda,2025-06-18,published,Allison Hooker,"Under Secretary Hooker took part in DRC–Rwanda peace talks in preparation for the ministerial signing of the peace agreement on June 27, 2025.",4,4,https://cd.usembassy.gov/joint-statement-on-peace-talks-between-the-democratic-republic-of-the-congo-and-the-republic-of-rwanda-mediated-by-the-united-states-and-observed-by-the-state-of-qatar/ https://www.state.gov/translations/french/declaration-conjointe-sur-les-pourparlers-de-paix-entre-la-republique-democratique-du-congo-et-la-republique-du-rwanda-sous-la-mediation-des-etats-unis-et-observes-par-le-qatar https://www.radiookapi.net/2025/06/19/actualite/politique/washington-les-experts-congolais-et-rwandais-paraphent-le-document https://x.com/radiookapi/status/1935545346492379586
dated,drc-rwanda-peace-signing-2025-06,Democratic Republic of the Congo,2025-06-19,published,Allison Hooker; Marco Rubio; Massad Boulos,"... Allison Hooker, and Senior Advisor Massad Boulos hosted the Ministerial signing of the Peace… Read more ». Video. 27 June 2025. Tap to unmute. Your browser can ...",8,13,https://chimpreports.com/big-story-rwanda-drc-to-sign-peace-deal-on-june-27-in-washington/ https://www.aljazeera.com/news/2025/6/19/dr-congo-and-rwanda-sign-draft-peace-agreement https://peoplesdispatch.org/2025/06/24/drc-and-rwanda-to-sign-peace-agreement-as-us-seeks-mineral-deal/ https://abcnews.com/Politics/trump-heralds-us-brokered-peace-deal-drc-rwanda/story?id=123277316 https://rw.usembassy.gov/secretary-of-state-marco-rubio-at-the-signing-of-the-drc-rwanda-peace-agreement/ https://caribbeannewsglobal.com/democratic-republic-of-the-congo-republic-of-rwanda-signs-peace-agreement/ https://allafrica.com/view/group/main/main/id/00093229.html https://editorials.voa.gov/a/implementing-peace-agreement-between-drc-and-rwanda-/8054281.html
dated,coleman-angola-luanda-summit-delegation,Angola,2025-06-21,published,Conor Coleman,"... Conor Coleman, assim como o vice-presidente em exercício do Exim Bank, James Burrows. Organizada pela Corporate Council on Africa, em parceria com o Governo ...",2,2,https://reinounido.mirex.gov.ao/web/noticias/chefes-de-estado-chegam-domingo-a-luanda https://www.giranoticias.com/economia/2025/06/23954-chefes-de-estado-e-de-governo-confirmam-participacao-na-cimeira-eua-africa.html
dated,boulos-angola-trade-remarks-2025-06,Angola,2025-06-24,published,Massad Boulos,"Senior Advisor Massad Boulos. Luanda, Angola. June 24, 2025. Good afternoon! I'm honored to be here among all of you– Your Excellencies, Honorable Ministers ...",1,1,https://www.state.gov/releases/bureau-of-african-affairs/2025/06/creating-the-conditions-for-trade-the-role-of-peace-and-stability-in-facilitating-cross-border-trade-and-critical-mineral-supply-chains
dated,dfc-angola-lobito-500m-rail-negotiation,Angola,2025-06-24,published,Conor Coleman,"Speaking at the U.S.-Africa Business Summit in Luanda on Monday, DFC's Head of Investments, Conor Coleman, said the agency is “actively negotiating” with ...",1,1,https://africa.businessinsider.com/local/markets/us-nears-dollar500-million-deal-to-fund-african-mineral-export-railway/8jk75t7
dated,boulos-ethiopia-president-taye-talks,Ethiopia,2025-06-24,published,Massad Boulos,"Ethiopian President Taye Atske Selassie held discussions with Massad Boulos, Senior Advisor for Africa to US President Donald Trump.",1,1,https://www.ena.et/web/eng/w/eng_6825418
dated,orr-honduras-investment-migration-talks,Honduras,2025-06-24,published,Caleb Orr,Assistant Secretary Caleb Orr and DFC Chief Executive Ben Black discussed migration and other issues with Honduran officials.,6,6,https://www.tiktok.com/@itvelsalvador/video/7515089636109159736 https://www.tiktok.com/@karinherreravp/video/7519624999720815878 https://www.facebook.com/ForbesCentroamerica/posts/forbesald%C3%ADa-la-presidenta-de-honduras-xiomara-castro-pidi%C3%B3-consolidar-la-aliment/1271415664994968/ https://www.instagram.com/p/DMHTVvSutL1/ https://www.instagram.com/p/DNzR-y7UmQh/ https://www.instagram.com/p/DOE-MUeDMaI/
dated,mills-nigeria-business-dialogue-2025-06,Nigeria,2025-06-24,published,Richard Mills,"Four senior U.S. and Nigerian officials led the dialogue: Ambassador Richard Mills, U.S. Ambassador to Nigeria, U.S. Department of State; Julie LeBlanc, Senior ...",1,1,https://ng.usembassy.gov/business-working-groups-of-the-united-states-nigeria-commercial-and-investment-partnership-deepen-commercial-cooperation-and-expand-opportunities-for-mutual-prosperity/
dated,mills-statement-nigeria-2025-06,Nigeria,2025-06-24,published,Richard Mills,"U.S. Ambassador to Nigeria Richard Mills says his top priority is to enhance bilateral commercial and investment ties with Nigeria to foster economic growth, ...",1,1,https://www.facebook.com/RealnewsMagazine/posts/l-r-us-ambassador-to-nigeria-richard-mills-and-minister-of-industry-trade-and-in/1254878146648602/
dated,landau-oas-general-assembly-2025-06,Antigua and Barbuda,2025-06-26,published,Landau,"Deputy Secretary Landau addressed the OAS General Assembly in St. John's, Antigua and Barbuda.",2,2,https://www.state.gov/releases/office-of-the-spokesperson/2025/06/deputy-secretary-of-state-christopher-landau-at-the-organization-of-american-states-general-assembly https://usoas.usmission.gov/deputy-secretary-of-state-christopher-landau-at-the-organization-of-american-states-general-assembly/
dated,fitrell-africa-summit-statement-2025-06,Mozambique,2025-06-30,published,Troy Fitrell,"Troy Fitrell reiterated the US commitment to maintaining and strengthening bilateral relations, highlighting Mozambique's economic progress and its potential to ...",1,1,https://clubofmozambique.com/news/mozambique-united-states-strengthen-partnerships-at-us-africa-business-summit/
dated,fitrell-africa-business-statement-2025-07,Angola,2025-07-01,published,Troy Fitrell,"“It is business – not aid – that drives lasting growth,” said Troy Fitrell – head of the Department of State's Bureau of African Affairs – in a video posted ...",1,1,https://macaonews.org/news/lusofonia/us-investment-africa/
dated,ghana-hooker-meeting-2025-06,Ghana,2025-07-01,published,Allison Hooker; Troy Fitrell,"A Ghanaian official met Under Secretary Hooker and acting Assistant Secretary Troy Fitrell on June 30, 2025.",2,3,https://www.theafricareport.com/387089/ghana-courts-trump-on-travel-ban-and-debt-relief/ https://www.theafricareport.com/387783/dear-us-our-talk-is-not-cheap-sincerely-ghana-foreign-minister-ablakwa/
dated,us-africa-business-summit-luanda-2-5bn,Angola,2025-07-02,published,Conor Coleman,The US International Development Finance Corporation (DFC) head of investments and chief of staff Conor Coleman also attended the summit in Luanda. Coleman ...,1,1,https://neweralive.na/us-africa-business-summit-yields-us2-5-billion/
dated,boulos-drc-peace-deal-2025-06,Democratic Republic of the Congo,2025-07-03,published,Massad Boulos,"Massad Boulos is an American-Lebanese businessman, fluent in French, who made his fortune selling cars in Nigeria. He was the main architect of the ...",1,1,https://www.theafricareport.com/387298/massad-boulos-it-was-time-for-the-us-to-help-end-the-war-in-eastern-drc/
dated,fitrell-policy-statement-2025-07,Guinea,2025-07-07,published,Troy Fitrell,"Troy Fitrell, senior bureau official of the State Department's Bureau of African Affairs and former ambassador to the Republic of Guinea, defended the Trump ...",1,1,https://thefulcrum.us/governance-legislation/africom-us-military-strategy
dated,orr-el-salvador-visit-2025-07,El Salvador,2025-07-09,published,Caleb Orr,Assistant Secretary Caleb Orr arrived in El Salvador to promote foreign investment and economic cooperation with the United States.,1,1,https://telemundoneworleans.com/category/noticias/nuestros-paises/
dated,osmani-shea-meeting-2025-07,Kosovo,2025-07-12,published,Dorothy Shea,"The President of the Republic of Kosovo, Vjosa Osmani, met with the Chargé d'Affaires of the US Mission to the UN, Ambassador Dorothy Shea.",1,1,https://president-ksgov.net/en/president-osmani-met-with-the-charge-daffaires-of-the-us-mission-to-the-un-ambassador-dorothy-shea/
dated,drc-peace-agreement-implementation-2025-07,Democratic Republic of the Congo,2025-07-19,published,Massad Boulos,"For his part, HE Massad Boulos, the US Presidential Envoy and Senior Advisor for African Affairs, praised Qatar's vital role in facilitating the agreement, ...",1,1,https://mofa.gov.qa/en/qatar/latest-articles/latest-news/details/2025/07/19/minister-of-state-and-ministry-of-foreign-affairs--responsibility-for-implementing-drc-peace-agreement-lies-with-both-parties
dated,boulos-libya-visit-2025-07,Libya,2025-07-23,published,Massad Boulos,"In July, US Senior Advisor for Africa Massad Boulos concluded a series of meetings in Libya to look for avenues to advance peace and stability in the country, ...",5,5,https://noc.ly/en/noc-chairman-receives-trumps-middle-east-advisor-massad-boulos/ https://adf-magazine.com/2025/08/senior-u-s-advisor-boulos-meets-with-rival-libyan-governments/ https://www.facebook.com/ACmideast/posts/in-july-us-senior-advisor-for-africa-massad-boulos-concluded-a-series-of-meeting/1178040387703251/ https://x.com/ME_Council/status/1959559812305334355/photo/1 https://www.nytimes.com/2025/09/18/world/europe/tiffany-trump-yacht-oil.html
dated,drc-us-deal-finalization-2025-07,Democratic Republic of the Congo,2025-07-24,published,Conor Coleman,"... Conor Coleman, as well as Trump's Special Adviser for Africa, Massad Boulos, who is acting as liaison with the White House. The DFC as project manager. The ...",1,1,"https://www.africaintelligence.com/central-africa/2025/07/24/kinshasa-about-to-finalise-deal-with-washington,110493747-art"
dated,senegal-artemis-accords-2025-07,Senegal,2025-07-24,published,Jonathan Pratt,"Jonathan Pratt, senior bureau official for African Affairs at the U.S. Department of State, and Abdoul Wahab Haidara, ambassador of Senegal to the United States ...",4,4,https://payloadspace.com/senegal-becomes-2nd-ilrs-member-to-join-artemis-accords/ https://www.nasa.gov/news-release/nasa-welcomes-senegal-as-newest-artemis-accords-signatory/ https://spacenews.com/senegal-signs-the-artemis-accords/ https://www.upi.com/Science_News/2025/07/25/science-NASA-Senegal-signs-artemis-accords/9921753472033/
dated,drc-rwanda-oversight-meeting-2025-08,Democratic Republic of the Congo,2025-08-01,published,Allison Hooker,"U.S. Under Secretary for Political Affairs Allison Hooker (C) led three days of peace talks, which resulted in the initialing of the peace agreement by ...",1,1,https://chimpreports.com/drc-and-rwanda-hold-first-oversight-meeting-on-peace-pact-amid-fragile-ceasefire/
dated,drc-rwanda-peace-initialing-2025-08,Rwanda,2025-08-01,published,Allison Hooker,"With U.S. support, representatives of the DRC and Rwanda initialed a text on August 1, 2025, in the presence of Under Secretary Hooker.",2,2,https://chimpreports.com/drc-and-rwanda-hold-first-oversight-meeting-on-peace-pact-amid-fragile-ceasefire/ https://www.radiookapi.net/2025/08/08/emissions/regard-sur-lactualite-de-la-semaine/poursuite-de-la-mise-en-oeuvre-de-laccord
dated,drc-rwanda-peace-agreement-ministerial-2025-08,Democratic Republic of the Congo,2025-08-06,published,Allison Hooker,"Secretary of State Marco Rubio, Under Secretary for Political Affairs Allison Hooker, and Senior Advisor Massad Boulos hosted the Ministerial signing of the ...",1,1,https://editorials.voa.gov/a/implementing-peace-agreement-between-drc-and-rwanda-/8054281.html
dated,drc-us-trade-discussion-2025-08,Democratic Republic of the Congo,2025-08-08,published,Troy Fitrell,"They were joined by Deputy Secretary of State Christopher Landau, Senior Advisor for Africa Massad Boulos, and U.S. Ambassador to the DRC Troy Fitrell. The ...",1,1,https://magneticmediatv.com/2025/08/what-if-caribbean-dollars-flowed-to-africa-a-trade-revolution-within-reach/
dated,shea-un-statement-panama-canal-china-2025-08,Panama,2025-08-11,published,Dorothy Shea,"At the UN, Acting Ambassador Dorothy Shea criticized China's influence over the Panama Canal area.",1,1,https://www.iowapublicradio.org/news-from-npr/2025-08-11/china-and-the-u-s-clash-at-the-u-n-over-the-panama-canal
dated,rwanda-us-exchange-fitrell-boulos,Rwanda,2025-08-18,published,Troy Fitrell,Assistant Secretary Troy Fitrell and Senior Advisor Massad Boulos took part in U.S.-Rwanda talks on bilateral cooperation.,1,1,https://fr.igihe.com/actualite-3/article/Le-Rwanda-et-les-Etats-Unis-renforcent-leur-cooperation-bilaterale-dans
dated,shea-unsc-south-sudan-briefing-2025-08,South Sudan,2025-08-18,stated,Dorothy Shea,"Ambassador Dorothy Shea spoke at a UN Security Council briefing on South Sudan on August 18, 2025.",2,2,https://www.facebook.com/USEmbassySouthSudan/photos/remarks-at-a-un-security-council-briefing-on-south-sudanaugust-18-2025ambassador/1071607918482678/ https://www.facebook.com/unpeacekeeping/posts/briefing-the-united-nations-security-council-on-the-situation-in-south-sudan-whi/1335944865234277/
dated,shea-un-statement-south-sudan-peace-2025-08,South Sudan,2025-08-20,published,Dorothy Shea,"At a UN Security Council briefing, Ambassador Dorothy Shea urged South Sudan's leaders to recommit to peace.",3,3,https://editorials.voa.gov/a/us-urges-south-sudan-leaders-to-recommit-to-peace/8058087.html https://www.radiotamazuj.org/en/news/article/we-cannot-pretend-agreement-is-being-implemented-with-machar-under-arrest-us-representative-to-un https://www.sudanspost.com/us-deeply-disappointed-over-south-sudans-faltering-peace-process/
dated,garcia-nigeria-visit-2025-08,Nigeria,2025-08-23,published,Frank Garcia,"... Frank Garcia with Nigeria's National Security Adviser,. Key Officials. PRESS RELEASE – Assistant Secretary Frank Garcia Concludes Visit to Nigeria · Read More.",1,1,https://ng.usembassy.gov/category/key-officials/
dated,us-cote-divoire-396-billion-support,Cote d'Ivoire,2025-08-26,published,Troy Fitrell,"... Troy Fitrell. 26 Août 2025. Fratmat.info (Abidjan). Par Aboubakar Bamba. Dans un communiqué publié le 26 août 2025, l'Ambassade des États-Unis en Côte d'Ivoire ...",1,1,https://fr.allafrica.com/stories/202508270261.html
dated,checker-niger-sahel-interview,Niger,2025-09-01,published,Nick Checker,"Les américains confiants dans leurs positions au Sahel Le représentant du bureau des affaires africaines, Nick Checker, a donné une vaste interview dans ...",1,1,https://niger.news-pravda.com/niger/2025/09/01/10371.html
dated,boulos-libya-initiative-statement-2025-04,Libya,2025-09-04,published,Massad Boulos,"In April, Massad Boulos said that Washington was working on a new and comprehensive political initiative aimed at ending the Libyan fifteen-year crisis.",1,1,https://www.thetripolipost.org/libya-haftar-gnus-advisor-meeting-in-rome-leads-to-action-in-tripoli/
dated,stevens-sahel-visit-2025-09,Burkina Faso,2025-09-09,published,William Stevens,"William Stevens, the Deputy Assistant Secretary (DAS) of State for African Affairs and de facto special envoy for the Sahel, visited Burkina Faso and Niger ...",1,2,https://www.theafricareport.com/391865/congress-returns-to-burkina-as-us-re-engages-in-post-coup-sahel/
dated,stevens-sahel-visit-2025-09,Niger,2025-09-09,published,William Stevens,"William Stevens, the Deputy Assistant Secretary (DAS) of State for African Affairs and de facto special envoy for the Sahel, visited Burkina Faso and Niger ...",1,2,https://www.theafricareport.com/391865/congress-returns-to-burkina-as-us-re-engages-in-post-coup-sahel/
dated,boulos-libya-rome-meeting-2025-09,Libya,2025-09-10,published,Massad Boulos,"The reports said the meeting was joined by Massad Boulos, adviser to US President Donald Trump, and focused on political, military, and energy matters. But ...",3,3,https://www.theafricareport.com/391960/what-us-envoy-massad-boulos-demanded-of-libyan-officials-in-rome/ https://www.thegeopoliticaldesk.com/what-did-boulos-haftar-and-dabaiba-discuss-on-libyas-future/ https://www.jpost.com/middle-east/article-867280
dated,us-libya-officials-rome-talks,Libya,2025-09-10,published,Massad Boulos,"US presidential adviser Massad Boulos was also said to have attended. According to Italy's Nova news agency, discussions covered security, military ...",1,1,https://libyaobserver.ly/news/us-embassy-confirms-talks-libyan-officials-rome
dated,kagame-boulos-kigali-talks,Rwanda,2025-09-10,published,Massad Boulos,"President Kagame spoke with Senior Advisor Boulos, who had last visited Rwanda in April 2025.",1,1,https://peopletv.rw/perezida-kagame-yaganiriye-na-massad-boulos/
dated,fitrell-mozambique-meeting-2025-09,Mozambique,2025-09-11,published,Troy Fitrell,"The commitment was made during a meeting between Mozambique's Minister of Economy, Basílio Muhate, and the head of the US Government Delegation, Troy Fitrell, ...",3,3,https://360mozambique.com/economy/mozambique-and-the-u-s-seek-to-strengthen-economic-cooperation-to-bring-prosperity-to-both-countries/ https://clubofmozambique.com/news/us-and-mozambique-look-to-deepen-economic-relations-watch/ https://www.instagram.com/p/DOfk9wKjrLV/us-and-mozambique-look-to-deepen-economic-relations-watch-mozambique-mo%C3%A7ambique-/
dated,menfi-boulos-new-york-meeting,Libya,2025-09-25,published,Massad Boulos,"... Massad Boulos, during a meeting held Wednesday at the Libyan mission headquarters in New York. The talks were attended by Acting Assistant Secretary of ...",1,1,https://libyaobserver.ly/inbrief/menfi-meets-us-advisor-massad-boulos-new-york
dated,yilla-tanzania-discussion-2025-09,Tanzania,2025-09-25,published,Mamadi Yilla,"Jeffrey Graham, akifuatana na Brad Smith (Mshauri Maalum), Rebecca Bunnell na Mamadi Yilla. Mazungumzo hayo yamelenga namna Serikali ya Marekani itaendelea ...",1,1,https://www.moh.go.tz/en/news-single/tanzania-yashiriki-mkutano-wa-80-wa-baraza-kuu-la-umoja-wa-mataifa
dated,us-ghana-visa-reversal-tcn-acceptance-2025,Ghana,2025-09-27,published,Allison Hooker,"Foreign Minister Samuel Okudzeto Ablakwa met Under Secretary Hooker, who told him of a U.S. decision favorable to Ghana.",14,14,https://www.facebook.com/OnuaTVGhana/posts/the-minister-of-foreign-affairs-samuel-okudzeto-ablakwa-has-been-hosted-at-the-u/1589394542516081/ https://www.facebook.com/channelsforum/posts/us-visa-restriction-we-are-talking-to-the-americans-we-are-engaging-them-we-are-/1386269849527429/ https://www.facebook.com/TV3GH/videos/us-reverses-visa-restrictions-on-ghana-after-foreign-minister-samuel-okudjeto-ab/774627022111356/ https://www.facebook.com/TV3GH/posts/amidst-us-visa-restrictions-on-ghana-ras-mubarak-suggests-exploring-alternative-/1185929336902212/ https://www.facebook.com/visitbolga/posts/ghana-out-of-usa-visa-sanctions-said-minister-for-foreign-affairs-samuel-okudzet/122227095902060347/ https://www.facebook.com/okudzetoablakwa/posts/i-was-graciously-hosted-at-the-us-state-department-by-under-secretary-of-state-f/1477456380402097/ https://www.facebook.com/utvghana/posts/61000-ghanaians-applied-for-us-visa-in-2024-consular-general-cc-us-embassy-ghana/1235772798110127/ https://www.facebook.com/okudzetoablakwa/posts/government-of-ghanas-response-to-us-visa-restrictions/1273853000762437/ https://www.facebook.com/citi973/posts/a-very-interesting-day-in-ghana-todayno-sign-of-wontumi-at-the-nib-hq-a-chief-te/1138101875013787/ https://www.facebook.com/firstpostin/posts/firstpostafrica-ghana-goes-global-south-as-us-shuts-doors-as-the-united-states-e/1248029997357985/ https://www.instagram.com/p/DPGqY4EDcTs/ https://twitter.com/GHANANEWSAGENCY/status/1971891770142371904
dated,mills-statement-nigeria-2025-09,Nigeria,2025-09-27,published,Richard Mills,"The United States Ambassador to Nigeria, Richard Mills, has praised Abia State Governor Alex Otti's leadership style, describing it as a model for improving ...",1,1,https://www.facebook.com/PeopleOfAbia/posts/the-united-states-ambassador-to-nigeria-richard-mills-has-praised-abia-state-gov/815446941140682/
dated,hooker-angola-fm-tete-antonio-2025-09,Angola,2025-09-29,published,Allison Hooker,"... Ministro Téte Antonio reuniu-se com sub-secretária de Estado americana, Allison Hooker Imagens: MIREX. Publicidade. Redacção. Publicado às 13h00 ...",1,1,https://www.giranoticias.com/politica/2025/09/25627-ministro-das-relacoes-exteriores-encontra-se-com-alta-funcionaria-do-departamento-de-estado.html
dated,ghana-visa-restrictions-reversal-2025-10,Ghana,2025-10-01,published,Allison Hooker,Under Secretary Hooker confirmed the lifting of U.S. visa restrictions on Ghana.,1,1,https://www.citinewsroom.com/2025/10/mahama-clarifies-u-s-visa-restrictions-reversal-came-at-no-financial-cost/
dated,mills-nigeria-power-visit-2025-10,Nigeria,2025-10-01,published,Richard Mills,"The American Ambassador to Nigeria, Richard Mills, has visited the Aba Independent Power Project developed by Geometric Power, Nigeria's only integrated ...",1,1,https://www.arise.tv/us-envoy-hails-geometric-powers-aba-project-as-world-class-model-for-nigerias-energy-future/
dated,pratt-ethiopia-airport-support-2025-09,Ethiopia,2025-10-02,published,Jonathan Pratt,"Speaking at a press conference at the New York Foreign Press Center on 29 September, alongside Jonathan Pratt, Senior Bureau Chief of the Bureau of African ...",1,1,https://aerospaceglobalnews.com/news/us-support-bishoftu-international-airport-in-ethiopia/
dated,pratt-atlantic-council-africa-forum-2025-09,Ethiopia,2025-10-06,published,Jonathan Pratt,"At the Atlantic Council's Africa Energy Forum in September, State Department official Jonathan Pratt underscored that Africa “is at the center of the global ...",1,1,https://borkena.com/2025/10/06/ethiopia-drone-strikes-on-civilians-expose-ethiopias-deepening-crisis-and-test-u-s-engagement/
dated,orr-el-salvador-energy-minister-cel,El Salvador,2025-10-16,published,Caleb Orr,"Assistant Secretary Caleb Orr met Daniel Álvarez, director general of energy, hydrocarbons and mines and president of CEL.",1,1,https://www.threads.com/@elmundosv/post/DP4Ig0BCvlv/pol%C3%ADtica-el-salvador-y-sistema-de-la-onu-inician-estudio-de-cooperaci%C3%B3n-para-el-
dated,shea-panama-canal-china-accusation,Panama,2025-10-16,published,Dorothy Shea,"L'ambassadrice par intérim des États-Unis, Dorothy Shea, a illustré cette accusation par les agissements de Pékin en mer de Chine du Sud, bien loin du Panama.",1,1,https://sansapriori.net/2025/10/16/7179-la-saga-du-canal-de-panama-la-mariee-etait-trop-belle-par-hubiquitus-10-10-25-asialyst/
dated,boulos-libya-un-roadmap-support,Libya,2025-10-17,published,Massad Boulos,"The Senior Advisor to the US President for North Africa Affairs, Massad Boulos, stressed that the United States is closely following the Libyan file and making ...",1,1,https://libyaobserver.ly/news/boulos-washington-supports-un-roadmap-seeks-unify-libyan-institutions
dated,boulos-nigeria-statement-2025-10,Nigeria,2025-10-17,published,Massad Boulos,"US presidential adviser Massad Boulos dismisses claims of religious persecution in Nigeria, says terrorism affects all faiths equally.",1,1,https://www.arise.tv/trump-adviser-massad-boulos-dismisses-religious-persecution-claims-in-nigeria-backs-tinubus-security-efforts/
dated,boulos-libya-rome-2025-10,Libya,2025-10-20,published,Massad Boulos,"“We think it's achievable,” Massad Boulos said in an interview in Rome of a deal in Libya, which has been mired in chaos since the ouster of Muammar Qaddafi in ...",1,1,https://www.bloomberg.com/news/articles/2025-10-20/peace-talks-progressing-in-libya-congo-and-sudan-senior-trump-advisor-says
dated,mills-nigeria-visit-2025-10,Nigeria,2025-10-20,published,Richard Mills,"The Social Good Africa Group of Companies had the honour of hosting His Excellency Richard Mills, the United States Ambassador to Nigeria, in a landmark ...",1,1,https://socialgoodafrica.org/ambassador-richard-mills-u-s-ambassador-to-nigeria-visit-to-our-group-of-companies/
dated,boulos-libya-un-talks-2025-10,Libya,2025-10-21,published,Massad Boulos,"US President's senior advisor for African Affairs Massad Boulos confirmed that the United Nations will soon call for a new round of talks on Libya, with the ...",1,1,https://libyaobserver.ly/news/boulos-united-nations-will-soon-call-new-round-talks-libya
dated,boulos-libya-news-conference-2025-04,Libya,2025-10-22,published,Massad Boulos,"US President Donald Trump's senior adviser Massad Boulos addresses a news conference, April 8, 2025.",1,1,https://thearabweekly.com/un-call-new-round-libya-talks-us-envoy-sees-achievable-peace-deal
dated,drc-rwanda-peace-multilateral-meeting-2025-10,Rwanda,2025-10-23,published,Allison Hooker,"Under Secretary Hooker took part in a meeting of the DRC, Rwanda, the United States, Qatar and the African Union Commission on October 21–22, 2025.",1,1,https://www.radiookapi.net/2025/10/23/actualite/politique/accord-de-paix-rdc-rwanda-les-parties-jettent-les-bases-de-sa-mise-en
dated,hooker-cambodia-prak-sokhonn-asean-2025-10,Cambodia,2025-10-28,published,Allison Hooker,"... Allison Hooker, Under Secretary of State for Political Affairs of the U.S. Department of State, on the margins of the 47th ASEAN Summit and Related Summits ...",2,2,https://www.khmertimeskh.com/501780363/prak-sokhonn-a-u-s-official-discuss-strengthening-cambodia-u-s-relations-at-asean-summit/ https://www.facebook.com/allcambonews/posts/deputy-prime-minister-prak-sokhonn-minister-of-foreign-affairs-and-international/1408573227942781/
dated,shea-libya-unsc-where-is-washington-2025-10,Libya,2025-10-30,published,Dorothy Shea,"His colleague and US Representative to the UN Security Council, Dorothy Shea, however has only expressed broad support to “bring Libyans together to reflect the ...",1,1,https://www.middleeastmonitor.com/20251030-libya-at-the-mercy-of-regional-powers-where-is-washington/
dated,boulos-ceasefire-violations-statement-2025-11,Democratic Republic of the Congo,2025-11-01,published,Massad Boulos,U.S. Senior Advisor for Arab and African Affairs Massad Boulos says the recent ceasefire violations between the DRC and the AFC/M23 are a gravely serious ...,1,1,https://www.ktpress.rw/2025/11/u-s-senior-advisor-boulos-slams-drc-m23-violations-as-gravely-serious-setback/
dated,us-egypt-strategic-dialogue-africa-track,Egypt,2025-11-02,published,Massad Boulos,"The U.S. side was led by Senior Advisor to the President of the United States for Arab and African Affairs Massad Boulos, and included Deputy Secretary of ...",1,1,https://eg.usembassy.gov/united-states-egypt-strategic-dialogue-africa-track/
dated,boulos-egypt-libya-elections-2025-11,Egypt,2025-11-03,published,Massad Boulos,"Massad Boulos, Senior Advisor to the US President for Arab and African Affairs, Egyptian Foreign Minister Badr Abdelatty emphasized the importance of ...",1,1,https://libyaobserver.ly/news/egypt-us-reaffirm-need-accelerate-efforts-toward-holding-national-elections-libya
dated,boulos-egypt-sudan-talks-2025-11,Egypt,2025-11-04,published,Massad Boulos,"Trump's envoy to Africa, Massad Boulos, held talks in Sudan's neighbor Egypt on Sunday with Cairo's Foreign Minister Badr Abdelatty and then on Monday with the ...",1,1,https://courthousenews.com/sudan-defense-minister-says-army-to-keep-fighting-after-us-truce-proposal/
dated,drc-rwanda-reif-joint-statement-2025-11,Democratic Republic of the Congo,2025-11-08,published,Allison Hooker,"Under Secretary Hooker and Senior Advisor Boulos attended the fourth Joint Oversight Committee meeting of the DRC–Rwanda peace agreement, where the Regional Economic Integration Framework was signed.",4,4,https://mofa.gov.qa/en/latest-articles/statements/joint-statement-on-the-fourth-meeting-of-the-joint-oversight-committee-of-the-peace-agreement-between-the-democratic-republic-of-the-congo-and-the-republic-of-rwanda-and-the-signing-of-the-regional-economic-integration-framework https://x.com/albcontact/status/1987489688454570277 https://x.com/NewTimesRwanda/status/1987054246861111630 https://www.linkedin.com/posts/the-new-times-rwanda_us-says-dr-congo-rwanda-initial-full-text-activity-7392820397475368960-ZPjy
dated,drc-rwanda-reif-joint-statement-2025-11,Rwanda,2025-11-08,published,Allison Hooker,"Under Secretary Hooker and Senior Advisor Boulos attended the fourth Joint Oversight Committee meeting of the DRC–Rwanda peace agreement, where the Regional Economic Integration Framework was signed.",4,4,https://mofa.gov.qa/en/latest-articles/statements/joint-statement-on-the-fourth-meeting-of-the-joint-oversight-committee-of-the-peace-agreement-between-the-democratic-republic-of-the-congo-and-the-republic-of-rwanda-and-the-signing-of-the-regional-economic-integration-framework https://x.com/albcontact/status/1987489688454570277 https://x.com/NewTimesRwanda/status/1987054246861111630 https://www.linkedin.com/posts/the-new-times-rwanda_us-says-dr-congo-rwanda-initial-full-text-activity-7392820397475368960-ZPjy
dated,hooker-tanzania-meeting-2025-11,Tanzania,2025-11-11,published,Allison Hooker,Mahmoud Thabit Kombo @Balozi_Italy X.com Allison Hooker @UnderSecStateP X.com Thanks for the productive meeting today to discuss the U.S.-Tanzania relationship.,1,1,https://www.threads.com/@mariastsehai/post/DQ6jJosCP_2/video-hakuna-maridhiano-au-mazungumzo-wamebwaga-manyanga-wenyewe-madhulmat-nadhani
dated,unsc-renews-abyei-peacekeeping,South Sudan,2025-11-15,published,Dorothy Shea,Ambassador Dorothy Shea spoke as the UN Security Council renewed the Abyei peacekeeping mission.,1,1,https://thedefensepost.com/2025/11/15/un-renews-peacekeeping-abyei/
dated,yilla-brad-smith-rwanda-bilateral-health,Rwanda,2025-11-17,published,Mamadi Yilla,Rwandan Health Minister Sabin Nsanzimana met U.S. Deputy Assistant Secretary for Global Health Diplomacy Mamadi Yilla on a health agreement.,1,1,https://healthpolicy-watch.news/us-steams-ahead-with-extractive-health-aid-agreements-with-african-countries/
dated,yilla-lesotho-health-mou-2025-11,Lesotho,2025-11-19,published,Mamadi Yilla,"... Mamadi Yilla, Chargé d'Affaires ad interim Thomas Hines at the U.S. Embassy in Maseru, Deputy Chief of Staff to the Under Secretary for Foreign Assistance ...",3,3,https://allafrica.com/stories/202511190327.html https://ls.usembassy.gov/u-s-lesotho-health-system-foreign-assistance-memorandum-of-understanding-negotiations/ https://newsdayonline.co.ls/exlusive-inside-us-lesotho-health-deal/
dated,pratt-congress-testimony-nigeria-2025-11,Nigeria,2025-11-20,published,Jonathan Pratt,Senior Bureau Official for African Affairs Ambassador Jonathan Pratt. Testimony for Subcommittee on Africa on “President Trump's redesignation of Nigeria as ...,3,3,http://foreignaffairs.house.gov/committee-activity/hearings/president-trump-s-redesignation-of-nigeria-as-a-country-of-particular-concern-cpc-a-serious-well-founded-wake-up-call https://www.congress.gov/119/meeting/house/118681/witnesses/HHRG-119-FA16-Wstate-PrattJ-20251120.pdf https://www.thecable.ng/us-to-work-with-nigeria-on-action-plan-task-force-to-address-christian-persecution-claims-says-state-department-official/
dated,ehrhardt-cameroon-un-resident-coordinator,Cameroon,2025-11-26,published,Christian Ehrhardt,Deputy Assistant Secretary Christian Ehrhardt and Ambassador Lamora met the UN resident coordinator in Cameroon.,2,2,https://www.instagram.com/p/DRhbIIpkWX1/ https://x.com/USEmbYaounde/status/1993681551373017363
dated,hooker-kosovo-fm-meeting-2025-11,Kosovo,2025-11-28,published,Allison Hooker,Under Secretary Allison Hooker met Kosovo's foreign minister.,1,1,https://lajmi.net/73-meshkuj-ne-kosove-quhen-nentor/
dated,pratt-nigeria-statement-2025-12,Nigeria,2025-12-04,published,Jonathan Pratt,"In response, Ambassador Jonathan Pratt described Nigeria as a wealthy and populous nation facing a “very serious” security problem that the United States is ...",2,2,https://guardian.ng/news/cpc-status-u-s-mounts-pressure-on-nigeria-vows-visa-restrictions/ https://935thelloyd.com/2025/12/11/exclusive-ivory-coast-pushes-for-us-spy-planes-to-tackle-al-qaeda-linked-jihadists-in-sahel/
dated,boulos-drc-sudan-talks-2025-12,Democratic Republic of the Congo,2025-12-12,published,Massad Boulos,"... Massad Boulos, the US senior advisor for Africa—and father-in-law of the president's daughter Tiffany Trump—to lead the talks. This resulted in a ...",1,1,https://www.atlanticcouncil.org/in-depth-research-reports/issue-brief/from-the-drc-to-sudan-trumps-disruptive-moves-could-revive-stalled-negotiations/
dated,landau-drc-foreign-minister-meeting-2025-12,Democratic Republic of the Congo,2025-12-16,published,Landau,"Deputy Secretary of State Christopher Landau met today with Democratic Republic of the Congo (DRC) Foreign Minister Thérèse Kayikwamba Wagner in Washington, DC.",1,8,https://www.state.gov/releases/office-of-the-spokesperson/2025/12/deputy-secretary-landaus-meeting-with-drc-foreign-minister-kayikwamba-wagner
dated,dfc-lobito-railway-signing-2025-12,Angola,2025-12-17,published,Caleb Orr,"Black was accompanied at the signing ceremony by US Assistant Secretary of State for Economic, Energy, and Business Affairs, Caleb Orr and Angola's Minister of ...",4,4,https://ao.usembassy.gov/dfc-ceo-ben-black-signs-loan-agreement-for-lobito-atlantic-railway-securing-critical-minerals-for-mutual-u-s-africa-benefit/ https://www.dfc.gov/media/press-releases/dfc-ceo-ben-black-signs-loan-agreement-lobito-atlantic-railway-securing https://www.railways.africa/railways-africa-newsxpress-week-492025/ https://africanreview.com/transport-a-logistics/angolas-lobito-atlantic-railway-financial-close
dated,unsc-monusco-mandate-review,Democratic Republic of the Congo,2025-12-20,published,Dorothy Shea,"At the UN Security Council, Dorothy Shea said the United States, as MONUSCO's largest contributor, was invested in its effectiveness.",1,1,https://www.rfi.fr/en/africa/20251220-un-mulls-new-mandate-for-dr-congo-peacekeepers-monusco-at-critical-moment-for-conflict
dated,mills-statement-visa-2025-12,Nigeria,2025-12-21,published,Richard Mills,"United States Ambassador to Nigeria, Richard Mills, has clarified the rationale behind the recent visa restrictions imposed on Nigerians, emphasizing that the ...",1,1,https://www.facebook.com/DailyPostNigeria/posts/united-states-ambassador-to-nigeria-richard-mills-has-clarified-the-rationale-be/1290864783073167/
dated,mills-recalled-2025-12,Nigeria,2025-12-22,published,Richard Mills,"US President Donald Trump has recalled Richard Mills, United States ambassador to Nigeria, in what appears to be a diplomatic shake-up across the country's ...",7,7,https://www.legit.ng/nigeria/1689357-richard-mills-recalled-ambassador-nigeria/ https://www.thecable.ng/just-in-trump-recalls-us-ambassador-to-nigeria-in-global-diplomatic-shake-up/ https://businessday.ng/news/article/why-trump-recalled-us-ambassador-to-nigeria-richard-mills/ https://africa.businessinsider.com/local/markets/trump-recalls-us-envoys-as-ambassador-richard-mills-exits-nigeria/6d8be4p https://punchng.com/ambassador-mills-concludes-tenure-as-u-s-envoy-to-nigeria/ https://www.legit.ng/nigeria/1693347-us-ambassador-richard-mills-concludes-tenure-nigeria-trump-orders-diplomatic-recall/ https://www.thecable.ng/photos-richard-mills-exits-nigeria-after-trump-recalls-us-envoys/
dated,boulos-drc-peace-mediation-2025-12,Democratic Republic of the Congo,2025-12-23,published,Massad Boulos,"Massad Boulos, Trump's senior adviser on African affairs, together with Qatari mediators, has tried to make this happen. Yet from the outset, Kinshasa's ...",1,1,https://panafricanreview.com/in-the-drc-europes-colonial-hangover-is-a-liability-to-us-interests/
dated,us-ethiopia-1-6bn-health-cooperation-framework-signing,Ethiopia,2025-12-24,published,Mamadi Yilla,"Mamadi Yilla, met with Dr. Lia Tadesse, Minister of Health, to discuss the longstanding and strong relationship between the two countries and to further ...",1,1,https://www.facebook.com/AmnaddisEnglish/posts/ethiopia-us-sign-16-billion-health-cooperation-framework/895549169508538/
dated,us-cote-divoire-480m-america-first-deal-signing,Cote d'Ivoire,2025-12-30,published,Jessica Davis,"At the signing ceremony on Tuesday, the US ambassador to the Ivory Coast, Jessica Davis Ba, said the US government is moving “beyond the traditional aid ...",1,1,https://www.aljazeera.com/news/2025/12/30/us-and-ivory-coast-sign-480m-deal-as-part-of-america-first-aid-strategy
dated,boulos-tinubu-paris-security-talks,Nigeria,2026-01-08,published,Massad Boulos,State Department Senior Advisor for Africa Massad Boulos met with President Tinubu on Thursday in Paris to discuss regional security including working together ...,2,2,https://www.facebook.com/EgyptStateInformation/posts/minister-of-foreign-affairs-held-a-phone-call-with-massad-boulos-serves-as-senio/1017914790439514/ https://www.facebook.com/TheNationalNews/posts/uae-leader-holds-talks-with-massad-boulos/1312665630889858/
dated,sisi-boulos-meeting-2026-01,Egypt,2026-01-14,published,Massad Boulos,"January 14, 2026 (CAIRO) – Egyptian President Abdel Fattah al-Sisi received Massad Boulos, the senior advisor to the U.S. President for Arab and African ...",1,1,https://sudantribune.com/article/309349
dated,elsisi-boulos-libya-meeting-2026-01,Libya,2026-01-14,published,Massad Boulos,El-Sisi discusses the situation in Libya and Sudan with Trump advisor Massad Boulos and stresses the need to find political solutions to the region's crises.,1,1,https://en.alwasat.ly/news/world/504803
dated,hooker-nigeria-delegation-2026-01,Nigeria,2026-01-15,published,Allison Hooker,"At the Abuja meeting, senior US diplomat Allison Hooker urged Nigeria to protect Christian communities in a speech that made no mention of Muslim victims of ...",5,5,"https://www.africaintelligence.com/west-africa/2026/01/15/washington-sends-a-team-of-diplomats-and-senior-military-officers-for-talks-in-abuja,110601286-art https://www.state.gov/releases/office-of-the-spokesperson/2026/01/under-secretary-hookers-travel-to-nigeria-oman-bahrain-and-rome https://www.arise.tv/us-under-secretarys-visit-signals-deeper-security-investment-ties-with-nigeria/ https://www.rfi.fr/en/international/20260126-us-to-increase-cooperation-with-nigeria-to-pursue-islamic-state-militants https://www.theafricareport.com/407390/us-africa-week-ahead-dc-hosts-minerals-sudan-and-religious-freedom-summits/"
dated,haftar-boulos-benghazi-meeting-2025-07,Libya,2026-01-19,published,Massad Boulos,Deputy Commander of the Libyan National Army Major General Saddam Haftar received Senior Adviser to US President Donald Trump Massad Boulos and Chargé d' ...,3,3,https://thearabweekly.com/us-pursues-integrated-strategy-stabilise-libya-safeguard-interests https://en.alwasat.ly/news/libya/506114 https://thearabweekly.com/us-officials-meet-saddam-haftar-push-libya-political-energy-agenda
dated,checker-guinea-ceremony-2026-01,Guinea,2026-01-20,published,Nick Checker,"Nick Checker, the new head of the Bureau of African Affairs at the US State Department, represented the US government at the ceremony in Conakry.Guinea is ...",1,1,https://table.media/en/tag/liberia
dated,orr-panama-visit-2026-01,Panama,2026-01-21,published,Caleb Orr,"ASSISTANT SECRETARY FOR ECONOMIC, ENERGY, AND BUSINESS AFFAIRS CALEB ORR. Assistant Secretary Orr is on travel to Panama from January 20-22, 2026. BRIEFING ...",1,1,https://www.state.gov/releases/office-of-the-spokesperson/2026/01/public-schedule-january-22-2026
dated,rubio-rfk-chile-statement-2026-01,Chile,2026-01-22,published,Marco Rubio,"Joint Statement by Secretary of State Marco Rubio and Secretary of Health and Human Services Robert F. Kennedy, Jr. By U.S. Mission Chile. 4 MINUTE READ. 22 ...",1,1,https://cl.usembassy.gov/joint-statement-by-secretary-of-state-marco-rubio-and-secretary-of-health-and-human-services-robert-f-kennedy-jr/
dated,hearing-advancing-peace-drc-rwanda,Democratic Republic of the Congo,2026-01-22,published,Sarah Troutman,Deputy Assistant Secretary Sarah Troutman testified before the House Subcommittee on Africa on the DRC and Rwanda.,2,2,http://foreignaffairs.house.gov/committee-activity/hearings/advancing-peace-in-drc-and-rwanda-through-president-trump-s-washington-accords https://docs.house.gov/meetings/FA/FA16/20260122/118868/HHRG-119-FA16-Wstate-TroutmanS-20260122.pdf
dated,hearing-advancing-peace-drc-rwanda,Rwanda,2026-01-22,published,Sarah Troutman; Massad Boulos,Deputy Assistant Secretary Sarah Troutman testified before the House Subcommittee on Africa on the DRC and Rwanda.,5,6,"http://foreignaffairs.house.gov/committee-activity/hearings/advancing-peace-in-drc-and-rwanda-through-president-trump-s-washington-accords https://docs.house.gov/meetings/FA/FA16/20260122/118868/HHRG-119-FA16-Wstate-TroutmanS-20260122.pdf https://chrissmith.house.gov/news/documentsingle.aspx?DocumentID=415287 https://www.africaintelligence.com/central-africa/2026/02/05/washington-to-take-new-steps-against-paul-kagame-s-regime,110620418-art https://ipisresearch.be/weekly-briefing/thorny-issues-risk-jeopardising-the-us-brokered-peace-deal-between-the-drc-and-rwanda-but-can-regional-economic-integration-offer-solace/"
dated,landau-africa-trip-2026-01,Egypt,2026-01-23,published,Landau,Deputy Secretary of State Christopher Landau will travel to Egypt and will then travel with Commander of U.S. Africa Command General Dagvin Anderson to Ethiopia ...,1,2,https://www.state.gov/releases/office-of-the-spokesperson/2026/01/deputy-secretary-landaus-travel-to-egypt-ethiopia-kenya-and-djibouti
dated,landau-africa-trip-announcement-2026-01,Ethiopia,2026-01-23,published,Landau,Deputy Secretary of State Christopher Landau will travel to Egypt and will then travel with Commander of U.S. Africa Command General Dagvin Anderson to Ethiopia ...,1,2,https://www.state.gov/releases/office-of-the-spokesperson/2026/01/deputy-secretary-landaus-travel-to-egypt-ethiopia-kenya-and-djibouti
dated,boulos-libya-noc-partnership-2026-01,Libya,2026-01-24,published,Massad Boulos,"The adviser to US President Donald Trump, Massad Boulos, announced the expansion of the partnership between Libya's National Oil Corporation and the ...",1,1,https://libyaobserver.ly/economy/trump-adviser-we-support-libyas-goal-producing-3-million-barrels-oil-day
dated,boulos-lees-2026-libya-deals-2026-01,Libya,2026-01-25,published,Massad Boulos,"Massad Boulos, advisor to Donald Trump, signals renewed U.S.-Libya cooperation at LEES 2026, highlighting major energy deals with ConocoPhillips and ...",1,1,https://libyaherald.com/2026/01/at-lees-2026-massad-boulos-says-im-here-today-because-donald-trump-sees-the-high-value-in-the-libyan-american-partnership
dated,boulos-libya-oil-deals-chevron-conocophillips-2026-01,Libya,2026-01-25,published,Massad Boulos,"In Libya, Massad Boulos oversaw several agreements signed by the Libyan government of Tripoli over oil projects with Chevron and ConocoPhilips. The US companies ...",1,1,https://themalteseherald.com/2026/01/25/trumps-envoy-to-africa-and-the-arab-world-massad-boulos-stops-in-malta-before-heading-to-libya/
dated,boulos-libya-statement-2026-01,Libya,2026-01-25,published,Massad Boulos,"Tripoli, January 25, 2026 (LANA) – Senior US Advisor for Arab and African Affairs, Massad Boulos, affirmed that stability and unity in Libya remain ...",1,1,https://lana.gov.ly/post.php?lang=en&id=349598
dated,shea-condemns-goma-sake-hostilities,Democratic Republic of the Congo,2025-01-26,published,Dorothy Shea,"At the UN Security Council, Ambassador Dorothy Shea condemned Rwanda's and the M23's hostilities in Goma and the attacks on Sake.",1,1,https://information.tv5monde.com/direct/est-de-la-rdc-le-m23-menace-goma-kinshasa-rappelle-ses-diplomates-kigali-2760379
dated,boulos-tripoli-benghazi-shuttle-january,Libya,2026-01-26,published,Massad Boulos,"Massad Boulos's shuttle diplomacy between Tripoli and Benghazi, culminating in meetings on January 24–25, 2026, is being framed in Washington as pragmatic ...",2,2,https://blogs.timesofisrael.com/the-boulos-doctrine-a-risky-realist-turn-in-libya/ https://en.alwasat.ly/news/world/506361
dated,troutman-cameroon-wfp-douala-warehouse,Cameroon,2026-01-27,published,Sarah Troutman,"Deputy Assistant Secretary Sarah Troutman visited the World Food Programme warehouse in Douala on January 27, 2026.",2,2,https://x.com/USEmbYaounde/status/2016862277375271134 https://www.facebook.com/yaounde.usembassy/posts/on-january-27-deputy-assistant-secretary-for-african-affairs-sarah-troutman-visi/1361584516008286/
dated,hooker-nigeria-abuja-visit-2026-01,Nigeria,2026-01-29,published,,,0,0,
dated,checker-liberia-consultations-2026-01,Liberia,2026-01-30,published,Nick Checker,Liberia and the United States held high-level consultations with Senior Bureau Official Nick Checker on multilateral and bilateral priorities.,1,1,https://www.liberianembassyus.org/in-the-news/liberia-and-united-states-hold-high-level-consultations-on-multilateral-cooperation
dated,checker-guinea-doumbouya-inauguration-conakry,Guinea,2026-02-01,published,Nick Checker,Senior Bureau Official Nick Checker had the honor to attend the inauguration ceremony of Guinean President Mamadi Doumbouya today in Conakry. The United States ...,6,6,https://www.facebook.com/fatunetwork/posts/the-united-states-has-congratulated-mamadi-doumbouya-on-his-election-as-presiden/1418586762993558/ https://www.facebook.com/DOSAfricanAffairs/photos/senior-bureau-official-nick-checker-had-the-honor-to-attend-the-inauguration-cer/1329862395847682/ https://x.com/AsstSecStateAF/status/2012611257065480614 https://www.facebook.com/DOSAfricanAffairs/posts/senior-bureau-official-nick-checker-had-the-honor-to-attend-the-inauguration-cer/1329862469181008/ https://allafrica.com/stories/202602010014.html https://www.atlanticcouncil.org/blogs/africasource/five-forces-that-may-reshape-the-african-continent-in-2026/
dated,landau-argentina-meeting-2026-02,Argentina,2026-02-03,published,Landau,Deputy Secretary Landau highlighted the strategic importance of U.S.-Argentina collaboration in this sector and reaffirmed the United States' commitment to ...,1,2,https://ar.usembassy.gov/deputy-secretary-landaus-meeting-with-argentine-foreign-minister-quirno/
dated,boulos-paris-libya-factions-meeting,Libya,2026-02-04,published,Massad Boulos,US Senior Adviser Massad Boulos confirms high-level meetings between eastern and western Libyan officials in Paris to support national unity and economic ...,1,1,https://libyaherald.com/2026/02/boulos-confirms-holding-paris-meeting-last-week-between-east-and-west-libya
dated,troutman-drc-testimony-2026-02,Democratic Republic of the Congo,2026-02-05,published,Sarah Troutman,"During the hearing, Deputy Assistant Secretary of State in the Bureau of African Affairs Sarah Troutman talked about the M23 having ""support from the Rwanda ...",1,1,"https://www.africaintelligence.com/central-africa/2026/02/05/washington-to-take-new-steps-against-paul-kagame-s-regime,110620418-art"
dated,troutman-cameroon-museum-visit-2026-02,Cameroon,2026-02-06,published,Sarah Troutman,Deputy Assistant Secretary Sarah Troutman and Chargé d'Affaires John G. Robinson visited the National Museum of Cameroon.,1,1,https://www.facebook.com/BCdaGhondi/posts/it-was-an-honor-to-have-deputy-assistant-secretary-sarah-troutman-and-charg%C3%A9-daf/1317849867030634/
dated,checker-mali-meeting-2026-02,Niger,2026-02-08,published,Nick Checker,"Malian Foreign Minister Abdoulaye Diop meets with Nick Checker, a senior official from the US.",1,1,https://www.dw.com/en/us-russia-vie-for-influence-in-mali-niger-and-burkina-faso/a-75789462
dated,us-nigeria-joint-working-group-counterterrorism-2026-02,Nigeria,2026-02-12,published,,,0,0,
dated,hooker-cambodia-prak-sokhonn-visit-2026-02,Cambodia,2026-02-14,published,,,0,0,
dated,boulos-africom-libya-meeting-2026-02,Libya,2026-02-14,published,Massad Boulos,"Trump Advisor Massad Boulos discusses peace and security challenges in Libya with AFRICOM Commander Dagvin Anderson. Alwasat Staff Sat 14 Feb 2026, 11:28 PM.",1,1,https://en.alwasat.ly/news/libya/508307
dated,boulos-libya-statement-2026-02,Libya,2026-02-14,published,Massad Boulos,"Washington, February 14, 2026 (LANA) – Senior US Advisor for Arab and African Affairs, Massad Boulos, affirmed that stability in Libya requires strong and ...",1,1,https://lana.gov.ly/post.php?lang=en&id=351001
dated,checker-corporate-council-africa-addis,Ethiopia,2026-02-16,stated,Nick Checker,"Senior Bureau Official Nick Checker at Corporate Council on Africa event in Addis Ababa on February 16, 2026. Remarks. By U.S. Mission to The African Union. 6 ...",1,1,https://usau.usmission.gov/remarks-by-senior-bureau-official-nick-checker-at-corporate-council-on-africa-event-in-addis-ababa-on-february-16-2026/
dated,orr-el-salvador-meeting-2026-02,El Salvador,2026-02-17,published,Caleb Orr,Salvadoran officials met a U.S. delegation led by Assistant Secretary Caleb Orr and companies from several sectors.,1,1,https://www-fallback.instagram.com/p/DU4S7mZDaCA/
dated,landau-cambodia-hun-manet-meeting,Cambodia,2026-02-19,published,Landau,"Deputy Secretary of State Christopher Landau met with Cambodian Prime Minister Hun Manet today in Washington, D.C. on the margins of the Board of Peace meeting.",1,2,https://www.state.gov/releases/office-of-the-spokesperson/2026/02/deputy-secretary-landaus-meeting-with-cambodian-prime-minister-hun-manet
dated,troutman-ethiopia-event-2026-02,Ethiopia,2026-02-19,published,Sarah Troutman,"... Sarah Troutman, Deputy Assistant Secretary of State in the Bureau of African Affairs. U.S. Ambassador to Ethiopia, Ervin Massinga, was in attendance. Eyob ...",1,1,https://borkena.com/2026/02/19/ethiopia-national-bank-declines-to-announce-identities-of-two-new-appointments-to-mpc/
dated,checker-bamako-visit-2026-02,Madagascar,2026-02-19,published,Nick Checker; Rudy Atallah,... Rudy Atallah in early July to discuss bilateral counterterrorism cooperation. Pro-junta sources said the meeting discussed technical and logistic support ...,1,2,https://www.criticalthreats.org/analysis/madagascar-russia-united-states-france-us-saudi-saf-rsf-uae-sudan-aes-niger-mali-algeria-africa-file-february-19-2026
dated,nigeria-delegation-us-2025,Nigeria,2026-02-22,published,Allison Hooker,"... Allison Hooker, the number three at the State Department. A high-ranking Nigerian delegation came to the United States in 2025, and First Lady Remi Tinubu ...",1,1,https://www.japantimes.co.jp/news/2026/02/22/world/politics/us-pressures-nigeria-christians/
dated,rubio-caribbean-heads-conference-2026-02,Saint Kitts and Nevis,2026-02-23,published,Marco Rubio,"The State Department announced that Secretary Rubio would travel to Saint Kitts and Nevis on February 25, 2026, for the CARICOM Heads of Government meeting.",1,1,https://www.state.gov/releases/office-of-the-spokesperson/2026/02/secretary-rubios-travel-to-saint-kitts-and-nevis
dated,rubio-saint-kitts-nevis-press-remarks,Saint Kitts and Nevis,2026-02-25,stated,Marco Rubio,"Secretary of State Marco Rubio Remarks to Press from St. Kitts Marriott Beach Resort in Frigate Bay, Saint Kitts and Nevis on February 25, 2026.",1,1,https://www.youtube.com/watch?v=-0pqYTr4pgk
dated,troutman-uganda-meeting-2026-02,Uganda,2026-02-25,published,Sarah Troutman,Foreign Minister Okello Oryem met Deputy Assistant Secretary Sarah Troutman and Ambassador William Popp on commercial cooperation.,1,1,https://mofa.go.ug/article/hon-okello-oryem-meets-us-deputy-assistant-secretary-african-affairs-advance-commercial
dated,troutman-mozambique-visit-2026-02,Mozambique,2026-02-26,published,Sarah Troutman,"The U.S. Embassy in Mozambique is pleased to welcome Deputy Assistant Secretary for the Bureau of African Affairs Sarah Troutman, visiting from Washington, D.C.",4,4,https://clubofmozambique.com/news/u-s-deputy-assistant-secretary-for-african-affairs-sarah-troutman-opens-mozambique-visit-with-amcham-meeting/ https://mz.usembassy.gov/united-states-and-mozambique-establish-economic-and-commercial-bilateral-working-group/ https://aimnews.org/2026/03/04/mozambique-and-us-set-up-working-group/ https://x.com/USEmbassyMoz/status/2029921709256564993
dated,troutman-angola-trade-diplomacy-2026-02,Angola,2026-02-27,published,Sarah Troutman,"That's why I'm here, on my first trade diplomacy trip of 2026,"" said US Assistant Secretary of State for Africa Sarah Troutman in an exclusive interview with ...",1,1,https://www.verangola.net/va/en/022026/Politics/47890/The-US-highlights-%E2%80%9Cvery-important-partnerships-in-Angola-such-as-the-Lobito-Corridor%E2%80%9D.htm
dated,boulos-egypt-uae-saudi-talks-2026-02,Egypt,2026-02-27,published,Massad Boulos,"Massad Boulos, Senior Advisor to the U.S. President for Arab and African Affairs. The call addressed the evolving situation in Sudan and ways to support ...",2,2,https://sudantribune.com/article/311174 https://www.egypttoday.com/Article/1/145266/Egypt%E2%80%99s-FM-US-Senior-Advisor-for-Arab-African-Affairs-address
dated,troutman-uganda-ict-ministry-digital,Uganda,2026-03-02,published,Sarah Troutman,Uganda's ICT ministry met a U.S. Embassy delegation that included Deputy Assistant Secretary Sarah Troutman.,1,1,https://ict.go.ug/media/news/us-embassy-delegation-engages-ministry-of-ict-on-digital-and-commercial-cooperation
dated,mozambique-bridge-development-mou-signing,Mozambique,2026-03-03,published,Sarah Troutman,"... Sarah Troutman, witnessed on Friday (27 February) the signing of a Memorandum of Understanding for the Bridge Development Programme in Mozambique between ...",1,1,https://clubofmozambique.com/news/mozambique-plans-112-metal-bridges/
dated,boulos-libya-unsmil-statement-2026-03,Libya,2026-03-04,published,Massad Boulos,"U.S. President Donald Trump's Senior Advisor on Arab and Middle Eastern Affairs, Massad Boulos, believes that stability in Libya requires the unification of ...",3,3,https://en.alwasat.ly/news/libya/510236 https://libyaherald.com/2026/03/libya-needs-unified-institutions-to-restore-economic-vitality-through-unsmils-efforts-trumps-advisor-boulos https://libyaobserver.ly/news/trump-adviser-backs-un-efforts-political-solution-libya
dated,boulos-un-libya-election-statement-2026-03,Libya,2026-03-07,published,Massad Boulos,@thegeopoldesk's story on how Trump envoy Massad Boulos successfully pushed to remove the word “elections” from the latest UN Security Council communiqué on ...,2,2,https://en.minbarlibya.org/2026/03/07/trump-envoy-pushes-to-strip-elections-from-un-libya-communique/ https://x.com/LibyaDesk/status/2031878715031109797
dated,landau-chile-inauguration-delegation-2026-03,Chile,2026-03-09,published,Landau,"Deputy Secretary Christopher Landau will lead the U.S. Presidential Delegation to the inauguration of President-elect José Antonio Kast in Santiago, ...",1,1,https://www.state.gov/releases/office-of-the-spokesperson/2026/03/deputy-secretary-landaus-travel-to-chile
dated,egypt-fm-boulos-call-2026-03,Egypt,2026-03-11,published,Massad Boulos,"... Foreign Minister, Badr Abdelatty, held a phone call on Wednesday with Senior Advisor to the US President on Arab and African Affairs, Massad Boulos.",1,1,https://qna.org.qa/en/News-Area/News/2026-3/11/egypt-us-discuss-escalating-regional-international-developments
dated,egypt-us-boulos-regional-call,Egypt,2026-03-11,published,Massad Boulos,... Massad Boulos the latest developments in the escalation witnessed in the Middle East region. The phone call came within the framework of ongoing ...,1,1,https://sis.gov.eg/en/media-center/news/egypt-us-review-latest-developments-in-middle-east-escalation/
dated,boulos-libya-government-negotiations-2026-03,Libya,2026-03-13,published,Massad Boulos,"The secret plan for Libya devised by Massad Boulos, US President Donald Trump's Africa adviser, is to endorse the creation of a new government made up of the ...",1,1,"https://www.africaintelligence.com/north-africa/2026/03/13/massad-boulos-plans-for-joint-haftar-dbeibeh-government-without-elections,110679090-art"
dated,checker-niger-meeting-2026-03,Niger,2026-03-14,published,Nick Checker,"[Niamey, Niger] – Senior Bureau Official for African Affairs Nick Checker met with Niger's Minister of Foreign Affairs, Cooperation, and Nigeriens Abroad, ...",2,2,https://ne.usembassy.gov/u-s-state-department-senior-bureau-official-for-african-affairs-nick-checker-visits-niamey/ https://ne.usembassy.gov/u-s-state-department-senior-bureau-official-for-african-affairs-nick-checker-visits-niamey-2/
dated,boulos-unified-libyan-government-proposal,Libya,2026-03-15,published,Massad Boulos,"A proposal to form a unified Libyan government is reportedly being examined by Massad Boulos, an adviser linked to US President Donald Trump.",1,1,https://libyareview.com/64030/proposal-for-unified-libyan-government-emerges-amid-ongoing-political-deadlock/
dated,checker-west-africa-visits-2026-03,Burkina Faso,2026-03-16,published,Nick Checker,"Nick Checker, head of the State Department's Bureau of African Affairs, met with officials in Burkina Faso and Niger — following his trip to Mali last month.",1,1,https://www.semafor.com/article/03/16/2026/trump-eyes-relations-with-burkina-mali-niger-juntas
dated,checker-west-africa-2026-03,Niger,2026-03-16,published,Nick Checker,"Nick Checker, head of the State Department's Bureau of African Affairs, met with officials in Burkina Faso and Niger — following his trip to Mali last month.",1,1,https://www.semafor.com/article/03/16/2026/trump-eyes-relations-with-burkina-mali-niger-juntas
dated,us-ghana-ablakwa-state-dept-2026-03,Ghana,2026-03-19,published,Allison Hooker,Foreign Minister Okudzeto Ablakwa was hosted at the State Department by Under Secretary Hooker and Senior Bureau Official Nick Checker.,3,3,https://x.com/S_OkudzetoAblak/status/2035300200474980491 https://x.com/S_OkudzetoAblak/status/2035300215289196582 https://www.linkedin.com/posts/hon-okudzeto-samuel-ablakwa-a74987389_i-was-graciously-hosted-at-the-us-state-department-activity-7441856493408174080-HIjO
dated,ghana-us-partnership-meeting-2026-03,Ghana,2026-03-22,published,Allison Hooker,Under Secretary Hooker and Senior Bureau Official Nick Checker hosted a Ghanaian delegation at the State Department.,2,2,https://mfa.gov.gh/index.php/ghana-and-united-states-us-deepen-partnership/ https://www.citinewsroom.com/2026/03/ghana-us-renew-commitment-to-boost-trade-investment/
dated,boulos-unsc-drc-meeting-2026-03,Democratic Republic of the Congo,2026-03-25,published,Massad Boulos,Senior Advisor Boulos addressed the UN Security Council on the situation in the DRC.,2,2,https://www.securitycouncilreport.org/whatsinblue/2026/03/democratic-republic-of-the-congo-briefing-and-consultations-20.php https://www.america-times.com/massad-boulos-senior-advisor-for-africa-united-states-remarks-at-the-unsc-the-situation-concerning-the-democratic-republic-of-the-congo/
dated,us-africa-business-summit-17th-luanda-2026-03,Angola,2026-03-30,published,Troy Fitrell,"... Troy Fitrell, assisteront à l'événement. Le 17e sommet États-Unis-Afrique, organisé par le Corporate Council on Africa (CCA) en partenariat avec le ...",1,1,https://www.angop.ao/fr/noticias/politica/paises-africanos-e-instituicoes-dos-eua-assinam-memorandos/
dated,ehrhardt-bangui-economic-visit-january,Central African Republic,2026-01-26,published,Christian Ehrhardt,Deputy Assistant Secretaries Christian Ehrhardt and Sarah Troutman met President Touadéra and Foreign Minister Sylvie Baïpo Temon in Bangui.,1,2,https://cf.usembassy.gov/senior-u-s-officials-visit-bangui-to-advance-economic-cooperation/
dated,lourenco-aid-to-investment-response-2026-04,Angola,2026-04-02,published,Troy Fitrell,"“It is business-not aid-that that drives lasting growth”, said U.S Africa Bureau Chief Troy Fitrell in a video posted on X on June 20th, adding that he was ...",1,1,https://www.africanews.com/2025/06/24/angolas-lourenco-tells-us-shift-from-aid-to-investment/
dated,egypt-fm-boulos-escalation-2026-04,Egypt,2026-04-02,published,Massad Boulos,"Foreign Minister Badr Abdelatty discussed the ongoing regional escalation with US Senior Advisor for Arab and African Affairs Massad Boulos, emphasizing Egypt's ...",1,1,https://www.egypttoday.com/Article/1/146083/Egypt-says-de-escalation-dialogue-only-way-to-avert-Middle
dated,boulos-libya-budget-statement-2026-04,Libya,2026-04-04,published,Massad Boulos,"US Senior Advisor for African Affairs, Massad Boulos, has called for Libya to adopt a unified 2026 budget to bolster financial stability and protect the dinar's ...",1,1,https://libyaobserver.ly/news/boulos-urges-unified-libyan-budget-safeguard-dinar
dated,orr-el-salvador-tech-investment-2026-04,El Salvador,2026-04-07,published,Caleb Orr,Assistant Secretary Caleb Orr and Chargé d'Affaires Naomi Fellows took part in a program on high-tech supply-chain investment in El Salvador.,1,1,https://www.state.gov/high-tech-supply-chain-investment-opportunities-in-el-salvador
dated,libyan-high-council-rejects-us-proposal,Libya,2026-04-07,published,Massad Boulos,"TRIPOLI, April 6 (Xinhua) -- The Libyan High Council of State on Monday rejected a proposal submitted by Massad Boulos, U.S. President's Senior Adviser for ...",1,1,https://english.news.cn/20260407/8240d199a65345bc89c75875d5f85ccb/c.html
dated,fitrell-interview-2026-04,Guinea,2026-04-08,published,Troy Fitrell,"I asked former U.S. Ambassador to Guinea, Ambassador Troy Fitrell ... Ambassador Troy Fitrell On Why Scaling Up U.S.–Africa Commercial Deals Benefits Both Sides.",1,1,https://www.youtube.com/watch?v=3L4xZnolv1c
dated,lewin-hiv-commitment-2026-04,Nigeria,2026-04-08,published,Jeremy P. Lewin,Under Secretary Jeremy P. Lewin announces an increase in the State Department's commitment to now reach 3 million people with the lifesaving HIV treatment ...,1,1,https://www.linkedin.com/posts/bloom-public-health_publichealth-hivprevention-prep-activity-7447563325141495808--1Lw
dated,boulos-commends-nigeria-terrorism-convictions,Nigeria,2026-04-12,published,Massad Boulos,"President Donald Trump's Senior Advisor for Arab and African Affairs, Massad Boulos, disclosed in a post on X that the Trump administration is pleased with ...",1,1,https://www.premiumtimesng.com/news/top-news/871211-us-commends-nigerian-govt-for-convicting-386-terrorism-suspects.html
dated,boulos-nigeria-statement-2026-04,Nigeria,2026-04-12,published,Massad Boulos,"Massad Boulos, US Senior Advisor for Arab and African affairs in the Trump administration, has commended Nigeria's government for convicting 386 Islamist ...",1,1,https://www-fallback.instagram.com/p/DXC_uAtDPXg/
dated,checker-south-sudan-remarks-2026-03,South Sudan,2026-03-19,published,Nick Checker,Senior Bureau Official Nick Checker gave the 'America First in Africa' remarks at the Powering Africa Summit.,1,1,https://ss.usembassy.gov/america-first-in-africa/
dated,boulos-egypt-visit-2026-04,Egypt,2026-04-20,published,Massad Boulos,"... Massad Boulos, currently visiting Egypt, to discuss a range of regional ... Massad Boulos, currently visiting Egypt, to discuss a range of regional ...",1,1,https://qna.org.qa/en/News-Area/News/2026-4/20/egypts-president-and-senior-us-advisor-discuss-regional-issues
dated,philippines-us-ai-industrial-2026-04,Philippines,2026-04-20,published,Allison Hooker,"... Allison Hooker, United States Under Secretary of State for Political Affairs; Jason S. Evans, United States Under Secretary of State for Management ...",1,1,https://boi.gov.ph/philippines-us-partner-in-first-ever-ai-native-industrial-acceleration/
dated,garcia-abidjan-commercial-deals-announcement,Cote d'Ivoire,2026-04-21,published,Frank Garcia,"Assistant Secretary Frank Garcia Announces U.S. Commercial Deals in Digital, Health, Education, and Logistics Sectors During His Visit to Abidjan.",1,1,https://ci.usembassy.gov/the-american-company-abd-group-signs-an-infrastructure-agreement-worth-more-than-330-billion-cfa-francs-with-cote-divoire/
dated,boulos-egypt-fm-bilateral-2026-04,Egypt,2026-04-21,published,Massad Boulos,"Badr Abdelatty, received Massad Boulos, Senior Advisor to the US President for Arab and African Affairs, on Monday. The meeting addressed bilateral relations ...",1,1,https://www.egypttoday.com/Article/1/146570/Egypt-s-FM-Senior-Advisor-to-US-President-talk-bilateral
dated,orr-el-salvador-visit-2026-04,El Salvador,2026-04-21,published,Caleb Orr,Assistant Secretary Caleb Orr visited San Salvador's historic center and praised El Salvador's progress.,1,1,https://elsalvadorinenglish.com/2026/04/21/el-salvador-a-rising-destination-for-nearshoring-in-2026/
dated,fitrell-ecowas-mission-2026-04,Guinea,2026-04-21,published,Troy Fitrell,"Their Excellencies Troy FITRELL, Ambassador of the United States to Guinea, Ousmane SY, Ambassador of the Republic of Senegal to Guinea, and Lekoa Solly ...",1,2,https://www.facebook.com/Ecowas.Cedeao/posts/ecowas-delegation-emabarked-on-a-filed-mission-to-guinea-to-assess-the-2024-huma/1269156562056634/
dated,fitrell-ecowas-mission-2026-04,Senegal,2026-04-21,published,Troy Fitrell,"Their Excellencies Troy FITRELL, Ambassador of the United States to Guinea, Ousmane SY, Ambassador of the Republic of Senegal to Guinea, and Lekoa Solly ...",1,2,https://www.facebook.com/Ecowas.Cedeao/posts/ecowas-delegation-emabarked-on-a-filed-mission-to-guinea-to-assess-the-2024-huma/1269156562056634/
dated,orr-guyana-strategic-2026-04,Guyana,2026-04-22,published,Caleb Orr,Guyanese officials met Assistant Secretary Caleb Orr at the State Department in Washington on expanding strategic cooperation.,1,1,https://guyanatimesgy.com/eu-investment-bank-backs-guyanas-push-in-climate-energy-human-capital/
dated,hooker-poland-croatia-visit-2026-04,Poland,2026-04-24,published,Allison Hooker,"The State Department announced that Under Secretary Hooker would travel to Dubrovnik, Croatia, and Warsaw, Poland, from April 27 to May 1, 2026.",1,1,https://www.state.gov/releases/office-of-the-spokesperson/2026/04/under-secretary-hookers-travel-to-croatia-and-poland
dated,boulos-libya-institutions-unification-support,Libya,2026-04-25,published,Massad Boulos,"The Senior Advisor to the US President on Arab and African Affairs, Massad Boulos, reaffirmed Washington's full support for efforts to strengthen Libyan ...",1,1,https://libyaobserver.ly/news/boulos-washington-supports-unifying-libyan-institutions-advancing-toward-elections
dated,boulos-egypt-eritrea-meetings-2026-04,Egypt,2026-04-27,published,Massad Boulos,"Initiated by Egypt and Massad Boulos, Senior Africa Advisor to US President Donald J Trump, the meetings have involved Eritrea's President Issayas Afewerki.",1,1,https://www.africa-confidential.com/article/id/15978/why-trump-wants-to-treat-with-issayas
dated,caleb-orr-bolivia-minerals-mou-2026-04,Bolivia,2026-04-28,published,Caleb Orr,"*Bolivia's Mining Minister Marco Antonio Calderón and the US assistant secretary of state for economic, energy, and business affairs, Caleb Orr, have signed ...",1,1,https://www.latinnews.com/component/k2/item/109826-in-brief-bolivia-signs-critical-minerals-mou-with-us.html
dated,orr-bolivia-mining-pact-calderon-signing,Bolivia,2026-04-28,published,Caleb Orr,"El secretario adjunto de Estado de Washington, Caleb Orr, y el ministro boliviano de Minería, Marco Antonio Calderón de la Barca, firmaron este lunes un ...",2,2,https://www.facebook.com/correodelsur/photos/el-secretario-adjunto-de-estado-de-washington-caleb-orr-y-el-ministro-boliviano-/1500631618101195/ https://www.threads.com/@correodelsur/post/DXrNfxVFR8Y/el-secretario-adjunto-de-estado-de-washington-caleb-orr-y-el-ministro-boliviano?hl=en
dated,orr-el-salvador-75-companies-briefing,El Salvador,2026-05-01,published,Caleb Orr,Assistant Secretary Caleb Orr spoke with more than 75 U.S. companies considering investment in El Salvador.,1,1,https://www.instagram.com/p/DX0uAfhDpa7/
dated,hooker-poland-strategic-dialogue-2026-05,Poland,2026-05-01,published,Allison Hooker,"Under Secretary of State Allison Hooker is completing her travel to Poland, where she served as head of the delegation for the U.S.-Poland Strategic Dialogue.",1,1,https://www.presidentialprayerteam.org/2026/05/01/friday-may-1-2/
dated,boulos-orr-libya-event-2026-05,Libya,2026-05-05,published,Caleb Orr,The event was attended by senior presidential adviser Massad Boulos and featured remarks from Deputy Assistant Secretary of State Caleb Orr. According to ...,1,1,https://libyareview.com/65283/us-backs-libya-development-deal-as-step-towards-economic-stability/
dated,landau-costa-rica-inauguration-2026-05,Costa Rica,2026-05-06,published,Landau,"The State Department announced that Deputy Secretary Landau would lead the U.S. presidential delegation to President-elect Laura Fernández's inauguration in San José on May 8, 2026.",1,1,https://www.state.gov/releases/office-of-the-spokesperson/2026/05/deputy-secretary-landaus-travel-to-costa-rica
dated,ribadu-hooker-meeting-2026-05,Nigeria,2026-05-09,published,Allison Hooker,"“During his meeting with Under Secretary for Political Affairs Allison Hooker at the U.S. Department of State, NSA Ribadu expressed Nigeria's appreciation to ...",1,1,https://www.vanguardngr.com/2026/05/what-ribadu-discussed-with-vance-rubio-hooker-during-3-day-us-visit/
dated,ehrhardt-cameroon-humanitarian-meeting-2026-05,Cameroon,2026-05-11,published,Christian Ehrhardt,Deputy Assistant Secretary Christian Ehrhardt and Ambassador Christopher Lamora met representatives of organizations in Cameroon.,1,1,https://x.com/CameroonPlan/with_replies?lang=el
dated,checker-south-sudan-visit-2026-05,South Sudan,2026-05-11,published,Nick Checker,"From May 7-8, Africa Bureau Senior Bureau Official Nick Checker traveled to Juba, South Sudan for meetings with senior South Sudanese officials.",1,1,https://ss.usembassy.gov/sbo-nick-checker-visits-juba-south-sudan/
dated,orr-el-salvador-visit-2026-05,El Salvador,2026-05-12,published,Caleb Orr,El subsecretario Caleb Orr encabezó una delegación de inversionistas de Estados Unidos que destacó el crecimiento económico y tecnológico de El Salvador.,3,3,https://www.facebook.com/SLVNewsEnglish/posts/us-official-caleb-orr-highlights-el-salvadors-remarkable-progress-during-visit-t/997122816157021/ https://www.infobae.com/el-salvador/2026/05/13/el-subsecretario-de-estados-unidos-caleb-orr-elogia-el-milagro-economico-y-tecnologico-de-el-salvador-durante-visita-oficial/ https://sv.usembassy.gov/assistant-secretary-of-state-caleb-orr-is-visits-el-salvador/
dated,hooker-cambodia-bilateral-2026-05,Cambodia,2026-05-13,published,Allison Hooker,"... Allison Hooker, US Under Secretary of State for Political Affairs, to discuss ways to further strengthen Cambodia–US bilateral relations and efforts to ...",1,1,https://www.khmertimeskh.com/501897391/dpm-sokhonn-discusses-cambodia-us-ties-and-border-peace-with-us-under-secretary/
dated,boulos-libya-progress-statement-2026-05,Libya,2026-05-17,published,Massad Boulos,"Senior Adviser to the President of the United States for Arab and African Affairs, Massad Boulos, said Libya is witnessing significant progress toward unifying",1,1,https://libyaobserver.ly/news/boulos-significant-progress-libya-toward-unifying-institutions-and-holding-national-elections
dated,abdelatty-boulos-bilateral-call,Egypt,2026-05-18,published,Massad Boulos,"... Massad Boulos to discuss Egypt-US bilateral relations and a number of regional issues of mutual concern. In a statement issued on Monday, May 18, 2026, the ...",3,3,"https://sis.gov.eg/en/media-center/news/foreign-minister-us-presidential-advisor-tackle-regional-developments/ https://sis.gov.eg/en/media-center/news/fm-senior-us-advisor-discuss-regional-developments-over-phone/ https://english.ahram.org.eg/NewsContent/1/1234/571132/Egypt/Foreign-Affairs/FM-Abdelatty,-US-adviser-Boulos-discuss-regional-d.aspx"
dated,egypt-boulos-fm-deescalation-2026-05,Egypt,2026-05-18,published,Massad Boulos,"For his part, Massad Boulos praised Egypt's pivotal role in supporting security and stability in the Middle East and Africa. He also expressed appreciation for ...",2,2,https://english.ahram.org.eg/News/569137.aspx https://www.egypttoday.com/Article/1/147236/Egypt%E2%80%99s-FM-Senior-Advisor-to-US-President-discuss-water-security
dated,orr-honduras-delegation-2026-05,Honduras,2026-05-20,published,Caleb Orr,Assistant Secretary of State Caleb Orr visits Honduras to strengthen economic ties between the United States and Honduras · Read More · U.S. Embassy in Honduras.,2,2,https://hn.usembassy.gov/assistant-secretary-of-state-for-economic-energy-and-business-affairs-caleb-orr-visits-honduras-to-strengthen-economic-ties-between-the-united-states-and-honduras/ https://hn.usembassy.gov/tag/strategic/
dated,fitrell-guinea-open-for-business,Guinea,2026-05-21,published,Troy Fitrell,"Diplomatie : « L'Amérique est ouverte aux affaires en Guinée », Troy Fitrell, Ambassadeur des États-Unis en Guinée. by Diallo · 14 mai 2025 · 1.",3,3,https://www.leguideinfo.net/category/developpement/page/3/ https://www.leguideinfo.net/home-2/page/83/ https://www.leguideinfo.net/home-5-2/page/84/
dated,unsc-briefing-libya-boulos-efforts,Libya,2026-05-22,published,Massad Boulos,U.S. efforts led by Senior Advisor for Arab and African Affairs Massad Boulos to support the unification of Libyan institutions are grounded in the desire ...,1,1,https://usun.usmission.gov/remarks-at-a-un-security-council-briefing-on-the-situation-in-libya-2/
dated,fitrell-guinea-transition-opposition-arrests,Guinea,2026-05-23,published,Troy Fitrell,"Soutien à la transition, dialogue, arrestations d'opposants en Guinée : le diplomate américain, Troy Fitrell parle… Troy Damian Fitrell, ambassadeur des ...",2,2,https://www.africaguinee.com/tag/labe/page/6/?page=14 https://www.africaguinee.com/tag/labe/page/9/?page=32
dated,boulos-france-libya-talks-2026-05,Libya,2026-05-28,published,Massad Boulos,"The U.S. President's Advisor for Arab and African Affairs, Massad Boulos, held discussions with the Director of North African and Middle Eastern Affairs at ...",1,1,https://en.alwasat.ly/news/world/519729
dated,us-niger-military-equipment-delivery-post-checker,Niger,2026-05-29,published,Nick Checker,... Nick Checker à Niamey pour relancer la coopération sécuritaire avec le Niger ... Cette annonce intervient 2 mois après la visite de l'émissaire américain Nick ...,3,3,https://fr.news.yahoo.com/%C3%A9tats-unis-livrent-2-3-001135972.html https://www.rfi.fr/fr/afrique/20260530-les-%C3%A9tats-unis-livrent-2-3-millions-de-dollars-de-mat%C3%A9riel-militaire-au-niger https://x.com/AhmadouAtafa/status/2060337982507282704
dated,boulos-libya-eid-calls-leaders,Libya,2026-05-31,published,Massad Boulos,"A senior US adviser for Arab and African affairs, Massad Boulos, says he held separate phone calls with several Libyan leaders to mark Eid al-Adha, stressing ...",1,1,https://libyaobserver.ly/news/us-official-holds-eid-calls-libyan-leaders-urges-unity
dated,boulos-libya-merger-initiative-2026-06,Libya,2026-06-04,published,Massad Boulos,"... to the US president, Massad Boulos. The initiative aims to end Libya's political division by merging the rival governments in the east and west.",1,1,https://libyaobserver.ly/news/head-hcs-reveals-us-envoys-proposal-merge-libyas-two-rival-governments
dated,boulos-libya-berlin-progress,Libya,2026-06-05,published,Massad Boulos,"US Senior Advisor for Arab and African Affairs, Massad Boulos, says US and international community have made ""important diplomatic progress"" in Berlin for ...",2,2,https://www.instagram.com/p/DZONoMDCnbE/ https://www.facebook.com/thesudantimescom/photos/us-senior-advisor-for-arab-and-african-affairs-massad-boulos-says-us-and-interna/122244716336062420/
dated,boulos-egypt-libya-call-2026-06,Libya,2026-06-09,published,Massad Boulos,"Egyptian Foreign Minister Badr Abdelatty held a phone call with Massad Boulos, Senior Adviser to the US President for Arab and African Affairs, to discuss ...",1,1,https://libyaobserver.ly/inbrief/egyptian-us-officials-discuss-libya-and-regional-developments
dated,boulos-libya-diplomacy-2026,Libya,2026-06-09,published,Massad Boulos,"Meanwhile, the US appears to have intensified its diplomatic engagement in Libya, including through its Senior Advisor for Africa, Massad Boulos. For the ...",1,1,https://amaniafrica-et.org/briefing-on-the-situation-in-libya-9-june-2026/
dated,boulos-libya-crisis-efforts,Libya,2026-06-17,published,Massad Boulos,"Massad Boulos concerning the Libyan crisis. While we appreciate the recent efforts and initiatives of US Envoy Mr. Massad Boulos, undertaken in good faith ...",2,2,https://www.facebook.com/mohamedmezugh/photos/regarding-the-actions-of-us-envoy-mr-massad-boulos-concerning-the-libyan-crisisw/860829786269565/ https://www.facebook.com/LyReview/posts/massad-boulos-reveals-us-roadmap-for-unified-government-in-libyalibya-us/1453744050103752/
dated,boulos-libya-power-sharing-2026,Libya,2026-06-17,published,Massad Boulos,Trump adviser pushes power-sharing plan for oil-rich Libya. Massad Boulos tells FT he is attempting to forge 'one unified government' in war-torn country. The ...,2,2,https://libyaobserver.ly/inbrief/report-us-proposal-executive-council-bringing-saddam-haftar-and-dbeibeh-together https://www.ft.com/content/f5c43a41-3fa1-486e-a592-7933bc1bdcbd?syn-25a6b1a6=1
dated,checker-madagascar-visit-2026-06,Madagascar,2026-06-17,published,Nick Checker,The U.S. Embassy welcomed Deputy Assistant Secretary (DAS) for Southern Africa Nick Checker and Africa Senior Advisor Christopher Kulukundis to Madagascar ...,1,1,https://mg.usembassy.gov/u-s-embassy-hosts-senior-level-meetings-with-malagasy-government/
dated,hooker-kombo-tanzania-meeting-2026-06,Tanzania,2026-06-17,published,Allison Hooker,"... Allison Hooker. ‎ ‎Katika kurasa za mitandao yao ya X (zamani Twitter) leo, Jumatano Juni 17, 2026, viongozi hao wamechapisha ujumbe kuonyesha wamekutana na ...",2,2,https://www.threads.com/@nipashetz/post/DZslmxSgMkf/tanzania-na-marekani-zimeonyesha-dhamira-ya-kuendeleza-uhusiano-wa-kidiplomasia/ https://panafricanvisions.com/2026/06/us-senate-committee-advances-tanzania-relations-bill-amid-mounting-reform-pressure/
dated,fitrell-guinea-journalism-prize-launch,Guinea,2026-06-20,published,Troy Fitrell,"Pour promouvoir l'excellence au sein des médias guinéens, Troy Fitrell a lancé le Prix de l'Ambassade des États-Unis pour le Journalisme. L'annonce a été faite ...",2,2,https://guineenews.org/category/politique/page/169/?sa=U&ei=rQsbVOWHOOe_ygOh24CgAQ&ved=0CBoQ0gIoADAA&usg=AFQjCNHHTNCCPNXCJIhLGdYDRpQV8D8H8g https://guineenews.org/category/politique/page/174/?sa=u&ei=bicbvlzye4khyao0l4lyba&ved=0cboq0gioadaa&usg=afqjcnfratitsh8at84xboa_s0hklumtvg
dated,nigeria-us-talks-2026-06,Nigeria,2026-06-22,published,Allison Hooker,"... Allison Hooker, and Nigeria's national security adviser, Nuhu Ribadu. Following an initial session in Washington in late 2025 and a second in Abuja in mid ...",2,2,"https://www.africaintelligence.com/west-africa/2026/06/22/abuja-prepares-to-defend-track-record-in-talks-with-trump-administration,110816388-eve https://www.africaintelligence.com/west-africa/2026/07/01/trump-s-new-africa-bureau-head-expected-in-abuja,110833920-art"
dated,landau-panama-oas-assembly-2026-06,Panama,2026-06-22,published,Landau,"The State Department announced that Deputy Secretary Landau would lead the U.S. delegation to the 56th OAS General Assembly in Panama City on June 22–23, 2026.",1,1,https://www.state.gov/releases/office-of-the-spokesperson/2026/06/deputy-secretary-landaus-travel-to-panama-for-the-general-assembly-of-the-organization-of-american-states
dated,rubio-kuwait-press-remarks,Kuwait,2026-06-24,stated,Marco Rubio,"Secretary of State Marco Rubio speaks to the press in Kuwait City, Kuwait, on June 24, 2026. Transcript: https://www.state.gov/.",1,1,https://www.youtube.com/watch?v=H3O0wI7XjD4
dated,checker-nigeria-statement-2026-03,Nigeria,2026-06-27,published,Nick Checker,"On March 19, Nick Checker, the State Department's senior Africa official, delivered what amounts to the clearest articulation yet of the Trump ...",1,1,https://www.thecable.ng/nigerias-search-for-influence-in-washington-under-kayode-are/
dated,boulos-libya-agreement-washington-announcement,Libya,2026-06-28,published,Massad Boulos,"Massad Boulos, senior adviser to U.S. President Donald Trump on Arab and African affairs, said that if Libyan factions agree on the details of the U.S. ...",1,1,https://libyaupdate.com/boulos-libyan-agreement-to-be-announced-in-washington-with-trump-present-transitional-phase-will-not-exceed-three-years/
dated,boulos-libya-initiative-2026,Libya,2026-06-29,published,Massad Boulos,"The US President Donald Trump's Senior Adviser for Arab and African Affairs, Massad Boulos, said the US initiative is “a short-term effort designed to fully ...",1,1,https://libyaobserver.ly/news/boulos-us-initiative-complements-un-roadmap-libya
dated,checker-mali-bamako-2026-06,Niger,2026-06-29,published,Nick Checker,"Nick Checker, a senior official at the US State Department's Bureau of African Affairs, recently visited Bamako, where he met Mali's Foreign Minister ...",1,1,https://africa.businessinsider.com/local/markets/us-courts-mali-niger-and-burkina-faso-as-russia-expands-sahel-footprint/ebvyqsv
dated,drc-us-trade-discussion-2026-06,Democratic Republic of the Congo,2026-06-30,published,Troy Fitrell,"They were joined by Deputy Secretary of State Christopher Landau, Senior Advisor for Africa Massad Boulos, and U.S. Ambassador to the DRC Troy Fitrell. The ...",1,1,https://magneticmediatv.com/2026/06/africas-latest-economic-report-sees-caribbean-price-pressures-easing/
dated,boulos-libya-meeting-2026-06,Libya,2026-06-30,published,Massad Boulos,"The meeting, attended by President Donald Trump's senior adviser for Arab and African affairs, Massad Boulos, reflected growing US engagement in Libya after ...",1,1,https://thearabweekly.com/us-pushes-libya-military-unification-rubio-hosts-saddam-haftar
dated,rubio-boulos-haftar-meeting-2026-06,Libya,2026-06-30,published,Massad Boulos,US Secretary of State Marco Rubio and US Senior Advisor for Arab and African Affairs Massad Boulos hosted Libyan National Army Deputy Commander Lt.-Gen.,1,1,https://www.jpost.com/international/article-900936
dated,fitrell-bourita-sahel-diplomats-meeting,Burkina Faso,2026-07-02,published,Troy Fitrell,"... Troy Fitrell, ont reçu les représentants diplomatiques des trois pays sahéliens accrédités aux États-Unis. Ont pris part à cette rencontre l'ambassadeur du ...",2,2,https://www.facebook.com/Medias24/posts/point-de-presse-de-nasser-bourita-et-du-secr%C3%A9taire-d%C3%A9tat-adjoint-am%C3%A9ricain-chris/1411366007696997/ https://malikonews.com/washington-reaffirme-son-engagement-envers-les-pays-de-laes/
dated,fitrell-bourita-sahel-diplomats-meeting,Niger,2026-07-02,published,Troy Fitrell,"... Troy Fitrell, ont reçu les représentants diplomatiques des trois pays sahéliens accrédités aux États-Unis. Ont pris part à cette rencontre l'ambassadeur du ...",2,2,https://www.facebook.com/Medias24/posts/point-de-presse-de-nasser-bourita-et-du-secr%C3%A9taire-d%C3%A9tat-adjoint-am%C3%A9ricain-chris/1411366007696997/ https://malikonews.com/washington-reaffirme-son-engagement-envers-les-pays-de-laes/
dated,hooker-tanzania-health-2026-07,Tanzania,2026-07-02,published,Allison Hooker,"“My appointment was with the Secretary of State, Marco Rubio, but I was met with Allison Hooker. We had an extensive discussion on the social aspect, the ...",1,1,https://thechanzo.com/2026/07/02/tanzania-u-s-sign-bilateral-health-mou-as-tanzania-pushes-for-easing-of-diplomatic-pressure-following-election-fallout/
dated,abdelatty-boulos-libya-gap-bridging,Egypt,2026-07-03,published,Massad Boulos,"This comes within the framework of current US efforts, led by Mr. Massad Boulos, aimed at bridging the gaps between the Libyan parties. Minister Abdelatty ...",1,1,https://sis.gov.eg/en/media-center/news/fm-us-presidents-senior-advisor-discuss-developments-in-libya/
dated,fitrell-guinea-letter-2024-12,Guinea,2026-07-03,published,Troy Fitrell,"In December 2024, U.S. Ambassador to Guinea Troy Fitrell acknowledged her in an official Embassy letter as representing the descendants of Prince Abdulrahman ...",1,1,https://www.gspeakers.com/topics/the-legacy-mandate-why-history-preservation-is-a-human-rights-issue/
dated,rubio-chile-fm-perez-mackenna-meeting,Chile,2026-07-06,stated,Marco Rubio,"Secretary of State Marco Rubio meets with Chilean Foreign Minister Francisco Pérez Mackenna at the Department of State, on July 6, 2026. Tap to unmute. Your ...",1,1,https://cl.usembassy.gov/secretary-of-state-marco-rubio-and-chilean-foreign-minister-francisco-perez-mackenna-before-their-meeting/
dated,boulos-misrata-opposition-meeting-2026-07,Libya,2026-07-07,published,Massad Boulos,US envoy Massad Boulos travelled to Misrata to meet opponents of Washington's Libya initiative as protests and political opposition to the proposal grow.,1,1,https://www.newarab.com/news/us-envoy-massad-boulos-arrives-libya-talks-us-plan
dated,us-libya-oil-for-unity-mediation-plan,Libya,2026-07-08,published,Massad Boulos,"The plan, led by Trump in-law Massad Boulos, promises oil investments if rival factions work together. But analysts have doubts about whether it could work.",1,1,https://www.aljazeera.com/news/2026/7/8/oil-for-unity-what-is-the-us-mediation-plan-in-libya
dated,haftar-boulos-benghazi-talks-2026-07,Libya,2026-07-09,published,Massad Boulos,"Khalifa Haftar has held talks in Benghazi with US adviser Massad Boulos on political developments in Libya, amid a US-backed initiative to unify state ...",1,1,https://libyaobserver.ly/news/haftar-discusses-us-initiative-boulos-benghazi
dated,nigeria-us-working-group-2026-07,Nigeria,2026-07-09,published,Allison Hooker,"Co-chaired by Nigerian National Security Adviser Nuhu Ribadu and US Under Secretary of State for Political Affairs Allison Hooker, the group is expected to ...",1,1,"https://www.africaintelligence.com/west-africa/2026/07/09/trump-administration-offers-abuja-new-migration-deal,110838112-art"
dated,checker-congress-testimony-2026-04,Nigeria,2026-07-10,published,Nick Checker,"310. Remarks by Senior Bureau Official Nick Checker in SFRC Africa Subcommittee, The U.S. Approach to Counterterrorism in Africa, hearing, April 21, 2026.",1,1,https://www.congress.gov/crs-product/R47052
dated,fitrell-luanda-statement,Angola,2026-07-12,published,Troy Fitrell,"Luanda - O director do Gabinete de Assuntos Africanos do Departamento de Estado dos EUA, Troy Fitrell, rejeitou esta Terça-feira em Luanda que existam ...",1,1,https://www.club-k.net/index.php/component/finder/search?q=a%20n%C3%A3o%20publica%20para%20esta%20por&start=880
dated,boulos-libya-deal-2026-07,Libya,2026-07-14,published,Massad Boulos,"Massad Boulos, Trump's senior adviser on Africa and Tiffany Trump's father-in-law, is brokering the deal. Under the reported terms of the proposal, the ...",1,1,https://www.semafor.com/article/07/13/2026/trumps-resource-diplomacy-comes-to-libya-with-massad-boulos
dated,garcia-nigeria-visit-2026-07,Nigeria,2026-07-15,published,Frank Garcia,"ABUJA, Nigeria — U.S. Assistant Secretary of State for African Affairs Frank Garcia concluded a visit to Abuja, where he met with senior Nigerian government ...",2,2,https://ng.usembassy.gov/press-release-assistant-secretary-frank-garcia-concludes-visit-to-nigeria/ https://www.channelstv.com/2026/07/16/assistant-secretary-frank-garcia-concludes-visit-to-nigeria/
dated,boulos-libya-reunification-2026-07,Libya,2026-07-16,published,Massad Boulos,"Massad Boulos, President Donald Trump's Africa adviser, is working to an ambitious timetable to unveil a Libyan reunification deal before the end of July 2026.",1,1,"https://www.africaintelligence.com/north-africa/2026/07/16/us-backed-push-for-national-unity-boosts-haftar-dynasty,110841730-eve"
dated,boulos-libya-shuttle-diplomacy-2026,Libya,2026-07-16,published,Massad Boulos,US envoy Massad Boulos has spent the past year shuttling between Libya's rival leaders to bridge their political divide. But some fear Washington's bids ...,2,2,https://www.france24.com/en/live-news/20260716-us-bid-for-libya-reunification-a-gamble-analysts-say https://www.rfi.fr/en/international-news/20260716-us-bid-for-libya-reunification-a-gamble-analysts-say
dated,boulos-regional-meeting-2026-07,Libya,2026-07-17,published,Massad Boulos,"... Massad Boulos. During the meeting, they reviewed a number of regional issues, foremost among them the situations in Sudan and Libya, along with joint ...",1,1,https://spa.gov.sa/en/N2617458
dated,rubio-philippines-remarks-2026-07,Philippines,2026-07-22,published,Marco Rubio,"Remarks. Marco Rubio, Secretary of State. Philippine International Convention Center. Manila, Philippines. July 22, 2026. SECRETARY RUBIO ...",1,1,https://asean.usmission.gov/secretary-of-state-marco-rubio-remarks-to-the-press/
dated,boulos-horn-africa-cairo-2026-07,Egypt,2026-07-27,published,Massad Boulos,"Back-to-back encounters between Massad Boulos and the foreign ministers of Egypt, Eritrea and Somalia at the US Embassy in Cairo are widely seen in the region ...",1,1,https://www.theafricareport.com/426104/massad-boulos-courts-egypts-anti-ethiopian-alliance-in-the-horn-of-africa/
dated,boulos-benghazi-tripoli-representatives,Libya,2026-07-27,published,Massad Boulos,"Massad Boulos, US President Donald Trump's senior adviser for Arab and African affairs, has defended Washington's diplomatic efforts to resolve the Libyan ...",1,1,https://english.aawsat.com/arab-world/5300419-boulos-benghazi-and-tripoli-representatives-put-differences-aside-libya%E2%80%99s-sake
outside_60,,Azerbaijan,2025-01,approx_month,,Hooker met FM Jeyhun Bayramov on a new strategic partnership; repeated Nov 2025,1,,https://www.facebook.com/BayramovJeyhun/posts/today-i-met-with-allison-hooker-us-under-secretary-of-state-for-political-affair/1377799233715253/
outside_60,,Saudi Arabia,2025-02,approx_month,,Regional developments discussed with Hooker,1,,https://www.facebook.com/QatarTribune/posts/advisor-to-the-prime-minister-and-spokesperson-for-the-ministry-of-foreign-affai/607318045246527/
outside_60,,Israel,2025-04,approx_month,,Ambassador Reuven Azar discussion,0,,
outside_60,,Haiti,2025-04-21,approx_month,,"Shea UNSC remarks on Haiti — flagged by a decoy match ('Isabel Salvador', the SRSG's own name, matched the 'El Salvador' country pattern across a word boundary)",1,,https://usun.usmission.gov/remarks-at-a-un-security-council-briefing-on-haiti-2/
outside_60,,Gambia,2025-05,approx_month,,"Hooker phone call with President Adama Barrow, 19 May",1,,https://www.facebook.com/U.S.EmbassyBanjul/posts/1097464885751896/
outside_60,,Lebanon,2025-06,approx_month,,Boulos briefed after Trump's meeting with President Aoun,1,,https://www.newarab.com/news/lebanon-israel-peace-could-be-achieved-soon-massad-boulos
outside_60,,Afghanistan,2025-07,approx_month,,Hooker told House Foreign Affairs the administration values Afghan partners,1,,https://pulaski.pl/en/war-in-the-shadow-pakistan-afghanistan-amid-the-escalation-over-iran/
outside_60,,Brunei,2025-07,approx_month,,"Inaugural U.S.-Brunei Strategic Dialogue, Hooker with FM II Dato Erywan, 30 July",1,,https://www.instagram.com/p/DHhXk7QRCMo/
outside_60,,Thailand,2025-07,approx_month,,"Ambassador Suriya Chindawongse met Hooker, 30 July",0,,
outside_60,,Tunisia,2025-07,approx_month,,"Boulos received by Tunisian authorities, 22 July",1,,"https://www.africaintelligence.com/north-africa/2025/07/29/military-aid-dominates-kais-saied-s-meeting-with-trump-adviser-boulos,110496291-art"
outside_60,,Serbia,2025-08,approx_month,,FM Marko Duric met Rubio with Hooker and Hanrahan attending,1,,https://www.state.gov/releases/office-of-the-spokesperson/2025/08/secretary-rubios-meeting-with-serbian-foreign-minister-djuric
outside_60,,Germany,2025-09,approx_month,,"Embassy celebration co-hosted with Rheinland-Pfalz, Hooker attending",0,,
outside_60,,Somalia,2025-09,approx_month,,President Hassan Sheikh Mohamud met Hooker and Boulos,1,,https://x.com/TheVillaSomalia/status/1970531323501572328
outside_60,,Japan,2025-10,approx_month,,"Hooker with Senior Deputy Minister Namazu, Tokyo 13 Oct; repeated",1,,https://jp.usembassy.gov/hooker-namazu-us-japan-dialogue-on-free-open-indo-pacific/
outside_60,,"Korea, Republic of",2025-10,approx_month,,"10th Korea-US vice-ministerial Strategic Dialogue, Hooker in Seoul; Hyundai plant detentions",0,,
outside_60,,Timor-Leste,2025-10,approx_month,,"Bilateral meeting, Hooker with President Jose Ramos-Horta, 27 Oct",1,,https://presidenciarepublica.tl/press-release-president-ramos-horta-meets-with-u-s-under-secretary-of-state-for-political-affairs-in-kuala-lumpur/
outside_60,,Armenia,2025-11,approx_month,,Hooker visited Yerevan; met PM and FM Mirzoyan; announced working groups on the 'Trump Route' (TRIPP),1,,https://armenpress.am/en/article/1235217
outside_60,,Brazil,2025-11,approx_month,,FM Mauro Vieira met Hooker,0,,
outside_60,,Kosovo*,2025-11,approx_month,,(in list) Hooker met the Kosovo foreign minister,0,,
outside_60,,Malaysia,2025-11,approx_month,,"Ex-US Coast Guard cutter transfer, awaiting congressional approval",0,,
outside_60,,Taiwan,2025-11,approx_month,,Wu Cheng-wen met Hooker on AI and supply-chain cooperation at APEC,1,,https://www.reuters.com/world/asia-pacific/taiwan-reports-progress-trade-talks-with-us-2025-10-31/
outside_60,,Bosnia and Herzegovina,2025-12,approx_month,,Presidency member Denis Becirovic met Hooker at the State Department,0,,
outside_60,,India,2025-12,approx_month,,"Hooker five-day visit 7-11 Dec, Foreign Office Consultations with FS Vikram Misri; repeated engagements",1,,https://www.instagram.com/reel/DQr4oTGAfY3/
outside_60,,Qatar,2025-12,approx_month,,"Qatar-US session on regional cooperation, US side chaired by Hooker; 7th Strategic Dialogue",1,,https://mofa.gov.qa/en/qatar/latest-articles/latest-news/details/2025/12/18/qatar--us-hold-session-on-regional-cooperation-as-part-of-7th-qatar-us-strategic-dialogue
outside_60,,Saudi Arabia,2025-12,approx_month,,Prince Khalid bin Salman received Boulos; Sudan talks in Riyadh,1,,https://x.com/DropSiteNews/status/2000744519965294597
outside_60,,Sri Lanka,2025-12,approx_month,,Hooker travelled to Sri Lanka 11 Dec; met President Anura Kumara,1,,https://lk.usembassy.gov/u-s-under-secretary-of-state-for-political-affairs-hookers-travel-to-sri-lanka/
outside_60,,Sudan,2025-12,approx_month,,Boulos led Quad truce efforts; met SAF chief al-Burhan in Saudi Arabia; peace plan text readied,1,,https://www.reuters.com/world/africa/sudans-warring-factions-have-not-yet-accepted-peace-plan-trump-advisor-says-2025-11-25/
outside_60,,Zambia,2025-12,approx_month,,Orr met President Hichilema; a US health agreement signing was delayed; Fitrell met the finance minister,1,,https://emilysbass.substack.com/p/us-delays-zambia-health-agreement
outside_60,,Algeria,2026-01,approx_month,,Boulos visited Algiers repeatedly; received by President Tebboune; FM Ahmed Attaf on trade,1,,https://dz.usembassy.gov/u-s-senior-advisor-massad-boulos-visits-algeria-to-strengthen-regional-and-economic-ties/
outside_60,,Bahrain,2026-01,approx_month,,Fifth U.S.-Bahrain Strategic Dialogue; Hooker received by Crown Prince Salman bin Hamad,1,,https://www.state.gov/releases/office-of-the-spokesperson/2026/01/joint-statement-of-the-fifth-united-states-bahrain-strategic-dialogue
outside_60,,Bangladesh,2026-01,approx_month,,"NSA Khalilur Rahman met Hooker and Paul Kapur; Gaza force, elections, trade, Rohingya",1,,https://www.thedailystar.net/news/bangladesh-us-discuss-elections-trade-and-rohingya-crisis-washington-meetings-4077421
outside_60,,Oman,2026-01,approx_month,,"Third U.S.-Oman Strategic Dialogue, joint statement, Hooker with Sheikh Khalifa al-Harthy",1,,https://www.fm.gov.om/en/35602/
outside_60,,Slovakia,2026-01,approx_month,,"State Secretary Estok political consultations with Hooker, follow-up to autumn meeting",1,,https://www.mzv.sk/en/pressreleasedetail?p_p_id=sk_mzv_portal_pressrelease_detail_portlet_PressReleaseDetailPortlet&p_p_lifecycle=0&groupId=10182&articleId=56494448
outside_60,,Albania,2026-02,approx_month,,Spiropali met Hooker in Washington,0,,
outside_60,,Cuba,2026-02,approx_month,,Lewin announced $6m humanitarian assistance; GAESA sanctions,1,,https://grupoanimal.mx/internacional/eu-envia-ayuda-ofrece-dialogo-a-eu-dice-ya-comenzo
outside_60,,Gabon,2026-02,approx_month,,Ehrhardt and Troutman high-level visit to Libreville; President Oligui Nguema received the delegation,1,,https://ga.usembassy.gov/u-s-deputy-assistant-secretaries-visit-gabon-to-strengthen-economic-and-security-partnership/
outside_60,,Iraq (Kurdistan),2026-02,approx_month,,Masrour Barzani met Rubio and Hooker,0,,
outside_60,,Laos,2026-02,approx_month,,Hooker bilateral (Lao-language source),0,,
outside_60,,Mali,2026-02,approx_month,,Checker visited Bamako repeatedly; US lifted sanctions on senior Malian officials; Atallah/Stevens offered counterterrorism help; FM Abdoulaye Diop,1,,https://www.facebook.com/groups/407597791099446/posts/1227127929146424/
outside_60,,Pakistan,2026-02,approx_month,,Hooker spoke with FS Amna Baloch; US backed Pakistan's right to defend itself,1,,https://www.instagram.com/p/DVSnaRAiIV3/
outside_60,,Somalia,2026-02,approx_month,,President Hassan Sheikh Mohamud met Checker at the AU Summit and Hooker/Boulos in New York,1,,https://x.com/TheVillaSomalia/status/1970531323501572328
outside_60,,Turkey,2026-02,approx_month,,"Deputy Minister Levent Gumrukcu met Hooker, 3 Feb, Washington",0,,
outside_60,,United Arab Emirates,2026-02,approx_month,,Sheikh Abdullah bin Zayed met Boulos on Africa cooperation; MBZ on Sudan truce,1,,https://sudantribune.com/article/301610
outside_60,,Vietnam,2026-02,approx_month,,US pledged coordination on APEC 2027,0,,
outside_60,,Latvia,2026-03,approx_month,,Political Director Ivars Lasis in Washington with Hooker,1,,https://x.com/Latvian_MFA/status/2039596571344421180
outside_60,,Romania,2026-03,approx_month,,PM Ilie Bolojan met Hooker; OECD accession discussed with Nazare,1,,https://www.instagram.com/p/DPwtdaYiUJO/
outside_60,,Sao Tome and Principe,2026-04,approx_month,,President Vila Nova; US delegation of Fitrell and Boulos,1,,https://www.facebook.com/tabcofficiel/posts/-south-africa-is-coming-to-fita2026following-an-online-meeting-held-this-morning/864719059524317/
outside_60,,Trinidad and Tobago,2026-05,approx_month,,Kozma health delegation; CARPHA,1,,https://emonewsdm.com/carpha-welcomes-u-s-health-official-for-regional-health-discussions-in-trinidad-and-tobago/
outside_60,,Jordan,2026-06,approx_month,,FM Ayman Safadi received Boulos,0,,
outside_60,,Kenya,2026-06,approx_month,,Yilla and Brad Smith on health collaboration; Ebola quarantine arrangement defended by Lewin's office,1,,https://www.facebook.com/cgtnafrica/posts/the-us-embassy-in-kenya-said-on-wednesday-that-washington-was-still-supporting-v/1169262688573447/
outside_60,,Malta,2026-06,approx_month,,Kozma engagements; Boulos met Deputy PM Ian Borg,1,,https://lifenetwork.eu/category/uncategorized/
outside_60,,Namibia,2026-06,approx_month,,Checker and Kulukundis met Minister Ashipala-Musavyi on commercial ties; MoU on technology,1,,https://www.instagram.com/p/DM7nEKtMSCT/
outside_60,,Mauritius,2026-07,approx_month,,Troutman visits; Mauritius acceded to the Artemis Accords,1,,https://www.facebook.com/usembassy.portlouis/photos/1007944984701510/
outside_60,,Morocco,2026-07,approx_month,,FM Bourita and Fitrell jointly received Sahel diplomats,1,,"https://www.africaintelligence.com/west-africa/2025/04/28/dakar-struggles-to-cooperate-with-us-authorities-on-immigration,110440719-art"
undated,boulos-angola-tete-antonio-luanda,Angola,,undated,Massad Boulos,"... on the last day of the third day in Luanda, at the meeting center between Minister Tete Ant√≥nio and Massad Boulos, senior advisor to President Donald Trump.",1,1,https://x.com/angola_Mirex/status/1937603197511827884
undated,fitrell-angola-luanda-us-africa-business-summit,Angola,,undated,Massad Boulos; Troy Fitrell,"At a US-Africa Business Summit this week, America's top diplomat for Africa, Ambassador Troy Fitrell, reaffirmed support for the Lobito Corridor railway project ...",17,18,https://www.facebook.com/DjibLive/posts/linterview-du-ministre-des-affaires-%C3%A9trang%C3%A8res-et-de-la-coop%C3%A9ration-internationa/1018943986930211/ https://www.facebook.com/franceintheus/posts/-minister-for-europe-and-foreign-affairs-jean-no%C3%ABl-barrot-met-with-senior-adviso/1153016206871506/ https://www.facebook.com/USAU09/posts/senior-advisor-for-africa-massad-boulos-met-with-african-union-commission-chairp/1238950591597840/ https://www.facebook.com/RwandaMFA/posts/on-the-sidelines-of-unga80-minister-olivier-jean-patrick-nduhungirehe-met-with-m/1118418917065561/ https://www.facebook.com/lexpress.mu/posts/-il-a-remerci%C3%A9-le-chef-du-gouvernement-pour-son-soutien-salu%C3%A9-la-coop%C3%A9ration-ent/1294275172746486/ https://www.facebook.com/Ambalgindc/posts/-statement-by-the-senior-advisor-to-the-us-president-for-africa-arab-affairs-and/1297995372353953/ https://www.facebook.com/TrustMagOfficiel/posts/le-pr%C3%A9sident-du-parti-el-insaf-m-mohamed-ould-bilal-messoud-a-accueilli-jeudi-26/1507133254755911/ https://www.facebook.com/USAU09/posts/charg%C3%A9-daffaires-walter-parrs-met-with-african-union-commission-chairperson-mahm/1425326366293594/ https://www.facebook.com/100029146076854/posts/us-committed-to-building-partnerships-and-innovation-in-africa-ambassador-tremon/1405320217116167/ https://www.facebook.com/USTDA/posts/afr-ix-telecom-seeks-us-firms-to-conduct-a-feasibility-study-to-extend-the-medus/1278196284346827/ https://www.facebook.com/DOSAfricanAffairs/posts/deputy-assistant-secretary-sarah-troutman-and-bureau-leadership-welcomed-lifezon/1374709248029663/ https://www.facebook.com/DOSAfricanAffairs/videos/senior-bureau-official-troy-fitrell-is-on-his-way-to-the-17th-us-africa-business/2341953869533631/
undated,landau-antigua-barbuda-oecs-conference,Antigua and Barbuda,,undated,Landau,"Hi, I'm Chris Landau, the Deputy Secretary of State. I just arrived in the beautiful island nation of Antigua, Barbuda for a conference of the organization of ...",2,2,https://www.instagram.com/p/DIPJ7y5SwIj/ https://www.instagram.com/p/DI1qUkduxtb/
undated,landau-global-refugee-asylum-system-event,Antigua and Barbuda,,undated,Landau,"Deputy Secretary Christopher Landau hosts ""The Global Refugee and Asylum System: What Went Wrong and How to Fix It"" in New York City, New York, on September ...",2,2,https://www.youtube.com/watch?v=fo0QlVjS5Kw https://www.dvidshub.net/video/978333/deputy-secretary-landau-hosts-global-refugee-asylum-system-went-wrong-and-fix
undated,fitrell-botswana-senate-remarks,Botswana,,undated,Troy Fitrell,"Troy Fitrell, the top official at the U.S. Department of State: Bureau of African Affairs, shared remarks about U.S.-Botswana relations with the Senate...",1,1,https://www.facebook.com/U.S.EmbassyGaborone/posts/troy-fitrell-the-top-official-at-the-us-department-of-state-bureau-of-african-af/1138755808295787/
undated,checker-burkina-faso-ties-rebuild,Burkina Faso,,undated,Nick Checker,"... NICK CHECKER VISIT + ISR GAPS + RUSSIA ‚Äî ATLANTIC COUNCIL (MAY 12, 2026) ... Nick Checker visit confirmed, Air Base 201 ISR gap, Russia Africa Corps ...",1,1,https://www.youtube.com/watch?v=Xk5bDSrK67Y
undated,checker-burkina-fm-traore-meeting,Burkina Faso,,undated,Nick Checker,Senior Bureau Official Nick Checker met with Minister of Foreign Affairs Karamoko Jean Marie Traor√© in Ouagadougou to reaffirm the United States' respect ...,1,1,https://x.com/AsstSecStateAF/status/2032149468422775249
undated,checker-ouagadougou-burkinabe-officials-travel,Burkina Faso,,undated,Nick Checker,Senior Bureau Official Nick Checker is traveling to Ouagadougou to meet with Burkinab—ê officials. He looks forward to reaffirming the United States' respect ...,1,1,https://x.com/AsstSecStateAF/status/2031479410348511549
undated,checker-sahel-bamako-engagement,Burkina Faso,,undated,Nick Checker,"Selon le d√©partement d'√©tat aux affaires Africaines ‚Ä¢ Nick Checker, haut responsable am√©ricain, se rendra √† Bamako pour r√©affirmer le respect des √âtats-Unis ...",7,7,https://www.facebook.com/100004743434865/posts/sahel-nations-unite-mali-burkina-faso-and-niger-sign-historic-security-pact-with/3248117858689630/ https://www.facebook.com/WIONews/posts/trump-eying-minerals-in-sahel-donald-trump-is-resetting-relations-with-west-afri/1122919176613922/ https://www.facebook.com/arfsBlog/posts/the-united-states-is-actively-executing-a-pragmatic-security-first-strategy-to-r/1576091200547787/ https://www.facebook.com/trtafrika/posts/burkina-faso-and-mali-did-not-send-representatives-to-a-continental-military-mee/752824397536365/ https://www.facebook.com/DOSAfricanAffairs/posts/how-is-the-united-states-resetting-relations-in-the-sahel-senior-bureau-official/1399873045513283/ https://www.facebook.com/DOSAfricanAffairs/posts/we-are-prioritizing-partnerships-that-matter-aligning-our-resources-with-our-str/1410900141077240/ https://www.facebook.com/U.S.EmbassyNiamey/posts/the-us-department-of-state-is-deepening-partnerships-through-more-commercial-dip/1203208888512785/
undated,fitrell-ouagadougou-fm-traore-reception,Burkina Faso,,undated,Troy Fitrell,"... Troy Fitrell. Apr√®s avoir fait √©tape √† Ouagadougou, le 27 mai, o√π il a √©t√© re√ßu par le ministre des affaires √©trang√®res, Karamoko Jean-Marie Traor√©, et ...",1,1,https://www.facebook.com/rtnniger/posts/rtn-info-deux-audiences-ce-mardi-28-octobre-2025-dans-lapr%C3%A8s-midi-au-cabinet-du-/1236613518494007/
undated,us-sahel-mali-niger-burkina-outreach,Burkina Faso,,undated,Nick Checker,"The United Statesüá∫üá∏ is seeking to strengthen relations with Mali, Niger and Burkina Faso as Russia expands its military presence across the Sahel ...",1,1,https://www.facebook.com/africaishome2/posts/the-united-states-is-seeking-to-strengthen-relations-with-mali-niger-and-burkina/1615332183287673/
undated,jackson-burundi-amazi-water-visit,Burundi,,undated,Ronny Jackson,"The U.S. Congressman Dr Ronny Jackson visited Amazi Water, an American NGO dedicated to providing clean and safe water to 13 million Burundians....",1,1,https://www.facebook.com/usembassy.bujumbura/posts/the-us-congressman-dr-ronny-jackson-visited-amazi-water-an-american-ngo-dedicate/1055664593260036/
undated,jackson-burundi-kamenge-military-hospital,Burundi,,undated,Ronny Jackson,"üá∫üá∏üáßüáÆThe U.S. Congressman Dr Ronny Jackson visited Hopital Militaire de Kamenge, where the U.S. Government is providing critical medical support ...",1,1,https://www.facebook.com/usembassy.bujumbura/posts/the-us-congressman-dr-ronny-jackson-visited-hopital-militaire-de-kamenge-where-t/1055668936592935/
undated,troutman-burundi-guest-of-honour,Burundi,,undated,Sarah Troutman,"We were especially honored to welcome Sarah Troutman, Deputy Assistant Secretary Bureau of African Affairs Department of State, as our Guest of Honor. Thank ...",1,1,https://www.instagram.com/reel/DRfVIbiDWmT/
undated,troutman-burundi-lifezone-kobold-state-dept,Burundi,,undated,Sarah Troutman,"Deputy Assistant Secretary Sarah Troutman and Bureau leadership welcomed @LifezoneMetals, @KoBold_Metals, and Burundian officials to the State Department ...",1,1,https://x.com/AsstSecStateAF/status/2031526589511414097
undated,trump-recalls-13-african-ambassadors,Burundi,,undated,Richard Mills,"US President Donald Trump has recalled US Ambassador to Nigeria Richard Mills, along with ambassadors from 12 other African countries, including Burundi, ...",1,1,https://x.com/cgtnafrica/status/2003063713159434613
undated,hooker-cambodia-cybercrime-cooperation-2025-12,Cambodia,,undated,,,0,0,
undated,us-cambodia-joint-declaration-2025-10,Cambodia,,undated,Allison Hooker,... Allison Hooker ·û¢·ûì·ûª·ûö·ûä·üí·ûï·ûõ·üÅ·ûÅ·û∂·ûí·û∑·ûÄ·û∂·ûö ·ûë·ûë·ûΩ·ûõ·ûî·ûì·üí·ûè·ûÄ·ûì·ûô·üÑ·ûî·û∂·ûô ·ûì·üÉ·ûÄ·üí·ûö·ûü·ûΩ·ûÑ·ûÄ·û∂·ûö·ûî·ûö·ûë·üÅ·ûü·ûü·û†·ûö·ûä·üí·ûã·û¢·û∂·ûò·üÅ·ûö·û∑·ûè The Honorable ...,1,1,https://www.instagram.com/p/DQR0KGYD3cZ/
undated,checker-cameroon-yaounde-address,Cameroon,,undated,Nick Checker,"¬ª - D√©partement d'√âtat am√©ricain : Bureau des affaires africaines, Nick Checker, haut responsable du bureau Lire l'int√©gralit√© du discours https://bit.ly/ ...",9,9,https://www.facebook.com/photo.php?fbid=1072152531618154&set=a.230819552418127&id=100064702509561 https://www.facebook.com/yaounde.usembassy/photos/d41d8cd9/1132377672262306/ https://www.facebook.com/photo.php?fbid=1159511879548885&id=100064702509561&set=a.230819545751461 https://www.facebook.com/yaounde.usembassy/photos/d41d8cd9/1167674872065919/ https://www.facebook.com/photo.php?fbid=1180491417450931&id=100064702509561&set=a.230819552418127 https://www.facebook.com/photo.php?fbid=1187672313399508&id=100064702509561&set=a.230819545751461 https://www.facebook.com/photo.php?fbid=1215907743909298&id=100064702509561&set=a.230819552418127 https://www.facebook.com/yaounde.usembassy/photos/1224134696419936/ https://www.facebook.com/photo.php?fbid=1235420568624682&id=100064702509561&set=a.230819552418127
undated,ehrhardt-cameroon-cite-verte-hospital-unhcr,Cameroon,,undated,Christian Ehrhardt,"Le Secr√©taire adjoint Christian Ehrhardt a visit√© l'h√¥pital r√©gional de Cit√© Verte √† Yaound√© en compagnie de l'Ambassadeur Christopher J. Lamora, de la ...",3,3,https://x.com/USEmbYaounde/status/1993319692195569737 https://www.facebook.com/yaounde.usembassy/posts/deputy-assistant-secretary-das-christian-ehrhardt-visited-the-cit%C3%A9-verte-distric/1308228401343898/ https://www.instagram.com/p/DRe2VIqgVqU/
undated,ehrhardt-cameroon-humanitarian-orgs-lamora,Cameroon,,undated,Christian Ehrhardt,"Deputy Assistant Secretary Christian Ehrhardt, joined by Ambassador Christopher J. Lamora, were pleased to meet with representatives from key international ...",2,2,https://x.com/USEmbYaounde/status/1992995708941529463 https://www.facebook.com/yaounde.usembassy/posts/deputy-assistant-secretary-christian-ehrhardt-joined-by-ambassador-christopher-j/1307533868080018/
undated,ehrhardt-cameroon-washington-delegation,Cameroon,,undated,Christian Ehrhardt,"A delegation from Washington led by Deputy Assistant Secretary for the Bureau of Population, Refugees, and Migration Christian Ehrhardt, along with Ambassador ...",1,1,https://www.facebook.com/yaounde.usembassy/posts/a-delegation-from-washington-led-by-deputy-assistant-secretary-for-the-bureau-of/1310358381130900/
undated,troutman-cameroon-govt-counterparts-jan,Cameroon,,undated,Sarah Troutman,"Deputy Assistant Secretary Sarah Troutman and Charg√© d'Affaires, a.i., John G. Robinson met with government counterparts on January 29‚Äì30 to advance United ...",1,1,https://x.com/USEmbYaounde/status/2019320986147893321
undated,troutman-cameroon-humanitarian-orgs,Cameroon,,undated,Sarah Troutman,"Deputy Assistant Secretary Sarah Troutman and Charg√© d'Affaires, a.i., John G. Robinson met with representatives from key humanitarian organizations at the U.S. ...",2,2,https://www.facebook.com/yaounde.usembassy/posts/deputy-assistant-secretary-sarah-troutman-and-charg%C3%A9-daffaires-ai-john-g-robinso/1362263785940359/ https://x.com/USEmbYaounde/status/2017130160651182165
undated,troutman-cameroon-iuget-douala,Cameroon,,undated,Sarah Troutman,"Deputy Assistant Secretary of State Sarah Troutman visited the Institut Universitaire des Grandes √âcoles des Tropiques (IUGET) in Douala, accompanied by ...",1,1,https://x.com/USEmbYaounde/status/2017178099004199168
undated,troutman-cameroon-national-museum,Cameroon,,undated,Sarah Troutman,"Sarah Troutman, Deputy Assistant Secretary of State for African Affairs, and Charg√© d'Affaires a.i.. John G. Robinson toured the National Museum of Cameroon ...",1,1,https://x.com/USEmbYaounde/status/2019694880369389874
undated,checker-car-milestone-celebration,Central African Republic,,undated,Nick Checker,Senior Bureau Official Nick Checker was there to celebrate this milestone with the Central African people and reiterate U.S. commitment to deepening our ...,2,2,https://www.facebook.com/DOSAfricanAffairs/posts/the-united-states-extends-our-congratulations-to-president-faustin-archange-toua/1392689702898284/ https://x.com/AsstSecStateAF/status/2039128720615833909
undated,checker-troutman-car-palm-sunday-mass,Central African Republic,,undated,Nick Checker,Senior Bureau Officer Nick Checker and Deputy Assistant Secretary Sarah Troutman were honored to attend Palm Sunday Mass with the faithful of the Central ...,1,1,https://x.com/EmbassyBangui/status/2038656346359230891
undated,ehrhardt-car-bilateral-migration-cooperation,Central African Republic,,undated,Christian Ehrhardt,... Christian EHRHARDT. La question de coop√©ration bilat√©rale en mati√®re de migration a √©t√© au centre des √©changes de ces personnalit√©s. La rencontre de ce jour ...,2,2,https://www.facebook.com/100088404288208/posts/centrafrique-le-chef-de-l%C3%A9tat-a-inaugur%C3%A9-la-nouvelle-clinique-communautaire-toua/618660514424086/ https://www.facebook.com/PresidenceCentrafriqueOfficiel/posts/bangui-et-washington-saccordent-sur-la-question-de-migration-le-pr%C3%A9sident-de-la-/1294074116213068/
undated,ehrhardt-troutman-bangui-visit,Central African Republic,,undated,Christian Ehrhardt,"En visite √† Bangui, Christian Ehrhardt, Sous-Secr√©taire adjoint au Bureau des Populations, R√©fugi√©s et Migration, et Sarah Troutman, Sous-Secr√©taire ...",3,3,https://www.instagram.com/p/DGGd8uMs_nu/ https://www.instagram.com/p/DGWBkr5tV27/ https://www.instagram.com/p/DUBPFh3FcG-/
undated,rubio-chile-kast-congratulation,Chile,,undated,Marco Rubio,Secretary Marco Rubio ¬∑ Department of State ¬∑ @SecRubio. Congratulations to Chilean President-Elect @JoseAntonioKast on his victory. The United States looks ...,1,1,https://x.com/SecRubio/status/2000347698726330735?lang=en
undated,orr-costa-rica-partnership,Costa Rica,,undated,Caleb Orr,"We are delighted to welcome Caleb Orr as the Assistant Secretary for Economic, Energy, and Business Affairs. In this vital role, Assistant Secretary Orr ...",2,2,https://www.facebook.com/StateDeptE/photos/our-partnership-with-costa-rica-is-paying-dividends-us-trained-technicians-in-se/942672591358347/ https://www.facebook.com/StateDeptE/photos/livenow-secretary-of-us-department-of-state-marco-rubio-testifies-in-front-of-th/1010031357955803/
undated,davis-ba-cote-divoire-strategic-conversation,Cote d'Ivoire,,undated,Jessica Davis,"At her official residence, U.S. Ambassador and esteemed diplomat Jessica Davis Ba hosted us for a strategic conversation on strengthening U.S. ‚ÄìIvory Coast ...",1,1,https://www.instagram.com/p/DNNwquVu1Gz/
undated,ehrhardt-cote-divoire-abidjan-youth,Cote d'Ivoire,,undated,Christian Ehrhardt,"√Ä Gonzagueville, le Secr√©taire adjoint Christian Ehrhardt et le Charg√© d'Affaires Junaid Munir ont rencontr√© des jeunes et des artistes autour de fresques ...",7,7,https://www.instagram.com/p/DGTJ4tbNPOQ/ https://www.instagram.com/p/DJ82ZwANnGE/ https://www.instagram.com/reel/DT-2JLKiqd2/ https://www.instagram.com/p/DW3QjBlGvNG/ https://www.facebook.com/USAbidjan/photos/1166152682223307/ https://www.facebook.com/USAbidjan/posts/%C3%A0-gonzagueville-le-secr%C3%A9taire-adjoint-christian-ehrhardt-et-le-charg%C3%A9-daffaires-/1455028256669080/?locale=fr_CA https://x.com/USEmbAbidjan/status/2074514767687852172
undated,fitrell-cote-divoire-mou-signings,Cote d'Ivoire,,undated,Troy Fitrell,"Troy Fitrell, haut responsable du bureau des affaires africaines des √âtats-Unis, a soulign√© lors de la signature des m√©morandums d'entente la volont√© de la ...",3,3,https://www.facebook.com/USAbidjan/posts/lors-de-leur-visite-%C3%A0-abidjan-la-d%C3%A9l%C3%A9gation-pr%C3%A9sidentielle-des-%C3%A9tats-unis-a-mis-/1282617580576816/ https://www.facebook.com/RTIinfo225/posts/%C3%A9conomie-la-c%C3%B4te-divoire-et-le-b%C3%A9nin-consolident-leur-partenariat-%C3%A9conomique-le-/1389233943248364/ https://www.facebook.com/RTIinfo225/posts/economie-class%C3%A9e-6%E1%B5%89-destination-africaine-la-plus-attractive-pour-les-investisse/1399177485587343/
undated,garcia-first-africa-trip-nigeria-civ-mali,Cote d'Ivoire,,undated,Frank Garcia,"Assistant Secretary Frank Garcia will visit Nigeria, C√¥te d'Ivoire, and Mali to advance objectives that keep Americans safe, promote economic prosperity in the ...",5,5,https://www.instagram.com/p/DWw9Z1IjCPx/?hl=en https://www.instagram.com/p/DZvHFo-FWBJ/ https://www.facebook.com/DOSAfricanAffairs/posts/assistant-secretary-frank-garcia-will-visit-nigeria-c%C3%B4te-divoire-and-mali-to-adv/1481396520694268/ https://x.com/AsstSecStateAF/status/2075696286523703496 https://www.facebook.com/businessinsiderssa/posts/the-top-us-diplomat-for-africa-frank-garcia-is-visiting-nigeria-c%C3%B4te-divoire-and/1056377326949211/
undated,boulos-appointed-senior-advisor-africa-drc-mission,Democratic Republic of the Congo,,undated,Massad Boulos,"President Trump has appointed Massad Boulos as Senior Advisor for Africa Boulos will embark on a diplomatic mission to the Democratic Republic of the Congo, ...",1,1,https://www.facebook.com/Ambalgindc/posts/-statement-by-the-senior-advisor-to-the-us-president-for-africa-arab-affairs-and/1297995372353953/
undated,boulos-bbc-m23-rwanda-support,Democratic Republic of the Congo,,undated,Massad Boulos,"In a sit-down with the BBC, US Senior Advisor for Africa, Massad Boulos, weighs in on the agreement's security framework and defends the controversial ...",1,1,https://www.youtube.com/shorts/xdG7P203Zg8
undated,boulos-calls-rwandan-troop-withdrawal-drc,Democratic Republic of the Congo,,undated,Massad Boulos,U.S. Senior Advisor for Africa Massad Boulos has renewed Washington's call for the immediate withdrawal of Rwandan Defense Forces (RDF) from the Democratic ...,1,1,https://www.instagram.com/p/DZNZ0TvxXkm/
undated,boulos-doha-drc-rwanda-togo-representatives,Democratic Republic of the Congo,,undated,Massad Boulos,"Today Massad Boulos , President Trump Advisor on Africa @US_SrAdvisorAF is meeting representatives from the Democratic Republic of the Congo, Rwanda, Togo ...",1,1,https://x.com/UKWELITIMES/status/1917534735519109402
undated,boulos-doha-process-acceleration,Democratic Republic of the Congo,,undated,Massad Boulos,"This is the only sensible position, and frankly the kind of clarity one would expect from the US representative, especially since Massad Boulos (@US_SrAdvisorAF ) ...",1,1,https://x.com/albcontact/status/1999866852051165367
undated,boulos-drc-sudan-conflict-efforts,Democratic Republic of the Congo,,undated,Massad Boulos,Massad Boulos for his sustained diplomatic efforts to address deadly conflicts in the #DRC & #Sudan alongside the @UN & international community ...,1,1,https://x.com/Lacroix_UN/status/2036453786386837595
undated,boulos-nduhungirehe-rwanda-drc-pact-discussion,Democratic Republic of the Congo,,undated,Massad Boulos,"MASSAD BOULOS, MINISTER NDUHUNGIREHE DISCUSS RWANDA-DRC PACT // CAMEROON ELECTION CAMPAIGN BEGINS. @mamaurwagasabotv20 likes1.3K views10 months ago",1,1,https://www.youtube.com/watch?v=nRf7J2WVomg
undated,boulos-receives-drc-rwanda-draft-peace-text,Democratic Republic of the Congo,,undated,Massad Boulos,"‚ÄúI welcome the draft text on a peace proposal received from both DR Congo and Rwanda,‚Äù Massad Boulos, US President Donald Trump's Senior Advisor for Africa, ...",1,1,https://www.instagram.com/p/DJTcct5sXk7/
undated,boulos-wfp-humanitarian-access-sudan-drc,Democratic Republic of the Congo,,undated,Massad Boulos,"Important meeting with @US_SrAdvisorAF Massad Boulos. We discussed the urgent need for humanitarian access in Sudan & DRC, so that @WFP can deliver life ...",1,1,https://x.com/WFPChief/status/1966569992771576205
undated,drc-17th-us-africa-business-summit,Democratic Republic of the Congo,,undated,Troy Fitrell,"... Troy Fitrell, Charg√© des affaires africaines au D√©partement d'Etat √† Washington D.C. La R√©publique d√©mocratique du Congo prend part au 17e Sommet des ...",2,2,https://www.facebook.com/FRANCE24/posts/les-%C3%A9tats-unis-ont-r%C3%A9uni-une-cinquantaine-de-pays-ce-mercredi-%C3%A0-washington-pour-/1339387198216563/ https://www.facebook.com/eventsrdc/posts/-tourisme-18-milliard-usd-dinvestissements-cibl%C3%A9s-pour-la-rdc-apr%C3%A8s-le-sommet-ea/1408874854618798/
undated,drc-rwanda-peace-process-qatar-mediation,Democratic Republic of the Congo,,undated,Massad Boulos,"The agreement was mediated through Qatar, a frequent US partner, and Massad Boulos, a Lebanese- American businessman and father-in-law of Trump's daughter ...",2,2,https://www.facebook.com/igihe/posts/us-envoy-boulos-upbeat-as-drc-rwanda-peace-process-advances-following-three-day-/1119108340245558/ https://www.facebook.com/TheNewTimesRwanda/posts/us-president-donald-trumps-senior-advisor-for-africa-massad-boulos-has-welcomed-/1287166820086309/
undated,fitrell-drc-aggressive-peace-timeline,Democratic Republic of the Congo,,undated,Troy Fitrell,AMB.TROY FITRELL on what the US brings to the table. We bring an aggressive timeline. We want a peace deal now. @Pr√©sidence RDC #patricelumumba ...,2,2,https://www.tiktok.com/@hustlernumber1himself/video/7587884351162027319 https://www.tiktok.com/@hustlernumber1himself/video/7643841010904108302
undated,fitrell-drc-fm-wagner-sovereignty,Democratic Republic of the Congo,,undated,Troy Fitrell,Today Senior Bureau Official Troy Fitrell met with Foreign Minister Th√©r√®se Wagner (@RDCongoMAE) to reaffirm the United States' support for the sovereignty ...,1,1,https://x.com/AsstSecStateAF/status/1884733773712867633
undated,fitrell-drc-mobutu-meeting,Democratic Republic of the Congo,,undated,Troy Fitrell,"Ce mardi 8 juillet 2025 √† Washington D.C., M. Nzanga Mobutu s'est entretenu avec l'Ambassadeur Troy Fitrell, Secr√©taire d'√âtat adjoint par int√©rim aux Affaires ...",2,2,https://www.instagram.com/p/DH9XAujKchB/?hl=en https://www.instagram.com/udemo_parti/
undated,fitrell-qatar-drc-peace-security-investment,Democratic Republic of the Congo,,undated,Troy Fitrell,"Productive meeting with Qatari Minister Dr. Al-Khulaifi and Sr. Bureau Official Troy Fitrell. These conversations about peace, security, and investment help ...",1,1,https://x.com/US_SrAdvisorAF/status/1914782810625163620
undated,hooker-drc-fm-kayikwamba-talks-2025-05,Democratic Republic of the Congo,,undated,Allison Hooker,"Minisitiri w'Ububanyi n'Amahanga wa Repubulika Iharanira Demokarasi ya Congo, Th√©r√®se Kayikwamba Wagner, yagiranye ibiganiro na Allison Hooker, Umunyamabanga ...",2,2,https://www.instagram.com/reel/DJZx_ZsPbIL/?hl=en https://www.instagram.com/p/DRcYrliCFsX/
undated,hooker-drc-fm-kayikwamba-talks-2025-11,Democratic Republic of the Congo,,undated,,,0,0,
undated,pratt-drc-rwanda-private-sector-roundtable,Democratic Republic of the Congo,,undated,Jonathan Pratt,Senior Bureau Official Jonathan Pratt joined delegations from the DRC and Rwanda and representatives from the private sector for a roundtable hosted by ...,1,1,https://x.com/AsstSecStateAF/status/1961166973125235049
undated,shea-drc-deployment-council-action,Democratic Republic of the Congo,,undated,Dorothy Shea,Acting U.S. Ambassador to the U.N. Dorothy Shea did not specify to the 15-member council what action could be taken. The council has the authority to impose ...,1,1,https://www.facebook.com/cgtnafrica/posts/the-government-in-kinshasa-supports-the-deployment-with-hopes-that-the-peacekeep/1369591565207224/
undated,troutman-central-africa-drc-rwanda-file,Democratic Republic of the Congo,,undated,Sarah Troutman,"... Sarah Troutman, secr√©taire adjointe au D√©partement d'√âtat am√©ricain charg√©e de l'Afrique centrale. Par ailleurs, le dossier RDC‚ÄìRwanda n'est d√©sormais plus ...",11,11,https://www.tiktok.com/@mikemb23/video/7466143649080921386 https://www.tiktok.com/@mikemb23/video/7471140527103151403 https://www.tiktok.com/@mikemb23/video/7476097209696554283 https://www.tiktok.com/@mikemb23/video/7484698786787233067 https://www.tiktok.com/@mikemb23/video/7487345169382116651 https://www.tiktok.com/@mikemb23/video/7486554054626184494 https://www.tiktok.com/@mikemb23/video/7489076643932327214 https://www.tiktok.com/@mikemb23/video/7489795517665398059 https://www.tiktok.com/@mikemb23/video/7512887547433913642 https://www.tiktok.com/@mikemb23/video/7518480391251021070 https://www.tiktok.com/@mikemb23/video/7525530049638976781
undated,troutman-congress-drc-rwanda-commitments,Democratic Republic of the Congo,,undated,Sarah Troutman,"Devant les parlementaires, Sarah Troutman, secr√©taire adjointe pour l'Afrique centrale, a assur√© que les √âtats-Unis veilleront au respect des engagements ...",1,1,https://www.facebook.com/actualiteCD/posts/alors-que-la-rdc-et-le-rwanda-sont-en-pourparlers-devant-aboutir-%C3%A0-un-accord-de-/1091277336366829/
undated,troutman-ruto-rwanda-drc-peace-reaction,Democratic Republic of the Congo,,undated,Sarah Troutman,"""Rwanda has shown the world what is possible when a nation chooses to build rather than to break."" Sarah Troutman, Deputy Assistant Secretary, U.S. Department ...",4,4,https://www.instagram.com/reel/DR4CGdvGJ4x/ https://x.com/RwandaInUSA/status/2074932838315483458 https://www.linkedin.com/posts/embassy-of-rwanda-united-states-of-america_kwibohora32-activity-7480700753775411200-oVQ0 https://www.facebook.com/erasme.rwanamiza.7/photos/-rwanda-has-shown-the-world-what-is-possible-when-a-nation-chooses-to-build-rath/2563349154121553/
undated,unsc-resolution-rwanda-sanctions-drc,Democratic Republic of the Congo,,undated,Dorothy Shea,"... Dorothy Shea, the U.S. deputy representative to the U.N., said the U.S. sanctions imposed Thursday on individuals linked to violence in the DRC aim to ...",1,1,https://www.youtube.com/watch?v=IO317LE5lPk
undated,landau-dominican-republic-aes-visit,Dominican Republic,,undated,Landau,"Christopher Landau ¬∑ Department of State ¬∑ @DeputySecState. While in the Dominican Republic yesterday, I was delighted to visit @TheAESCorp's impressive liquid ...",1,1,https://x.com/DeputySecState/status/2061136595839754591?lang=en
undated,abdelatty-boulos-sudan-conflict-talks,Egypt,,undated,Massad Boulos,"Egyptian Foreign Minister Badr Abdelatty and Massad Boulos, senior adviser to the US president on Arab and African affairs, discussed the conflicts in Sudan and ...",1,1,https://www.instagram.com/p/DXXbIFAHPKZ/
undated,boulos-cairo-red-sea-security-talks,Egypt,,undated,Massad Boulos,"White House adviser Massad Boulos met regional ministers in Cairo, leading security talks with Somalia, Eritrea, and Egypt to stabilize the Red Sea coastline.",1,1,https://www.instagram.com/p/DLNkMQ9PawL/
undated,boulos-egypt-celebration,Egypt,,undated,Massad Boulos,"Mabrook, Egypt! Senior Advisor to the President of the United States for Arab and African affairs, Dr. Massad Boulos, joined the celebration for the ...",1,1,https://www.instagram.com/p/DQjPS4vjJXw/
undated,boulos-egypt-senior-officials-talks,Egypt,,undated,Massad Boulos,"As a result of two days of productive talks with senior Egyptian officials led by Massad Boulos, U.S. Senior Advisor for Africa ( @US_SrAdvisorAF), ...",1,1,https://x.com/USEmbassyCairo/status/1925186850383188336
undated,landau-egypt-fm-abdelatty-meeting,Egypt,,undated,Landau,FM Abdelatty received today U.S. Deputy Secretary of State Mr. Christopher Landau. Discussions reflected the vitality of the Egypt - U.S. strategic partnership ...,1,2,https://x.com/DeputySecState/status/2015877279331807652
undated,landau-first-trip-egypt-ethiopia-kenya,Egypt,,undated,Landau,"Christopher Landau ¬∑ Department of State ¬∑ @DeputySecState. Very excited to be leaving tomorrow for my first trip to Egypt , Ethiopia , Kenya , and ...",1,1,https://x.com/DeputySecState/status/2014823469926502755
undated,sisi-receives-boulos-cairo,Egypt,,undated,Massad Boulos,"Egypt hosts US envoy as regional talks continue on Sudan, Lebanon, and Iran Egyptian President Abdel Fattah el-Sissi met in Cairo with US envoy Massad Boulos to",2,2,https://www.instagram.com/p/DTgGXn5gOPC/ https://www.youtube.com/watch?v=IYenOrFMetA&vl=en-US
undated,orr-el-salvador-bukele-meeting,El Salvador,,undated,Caleb Orr,"... Caleb Orr, expres√≥ que el liderazgo del Presidente @nayibbukele est√° generando prosperidad y atrayendo inversiones. ""Estamos muy complacidos de estar aqu√≠ y ...",12,12,https://www.facebook.com/SecPrensaSV/posts/loschorros-el-ministerio-de-obras-p%C3%BAblicas-trabaja-en-tres-fases-de-intervenci%C3%B3n/1049011684069758/ https://www.facebook.com/SecPrensaSV/posts/siemensxceleratorsummit-estamos-viendo-que-este-tipo-de-congresos-nos-da-un-derr/1093172609653665/ https://www.facebook.com/photo.php?fbid=1140137064957219&id=100068828095989&set=a.143684371269165 https://www.facebook.com/SecPrensaSV/posts/galainternacionaldeballet-el-p%C3%BAblico-asistente-ha-mostrado-inter%C3%A9s-y-disfruta-co/1177874761183449/ https://www.facebook.com/SecPrensaSV/photos/alertanaranja-el-gobierno-del-presidente-nayib-bukele-mantiene-un-despliegue-a-e/1174118294892429/ https://www.facebook.com/SecPrensaSV/posts/apoyoamipymes-adem%C3%A1s-lanzamos-fecamype-que-el-presidente-nayib-bukele-es-el-%C3%BAnic/1179966024307656/ https://www.instagram.com/p/DIphVmqzqS5/ https://www.instagram.com/p/DPpP4s_jwo1/ https://www.instagram.com/p/DKYZTW2NP_3/ https://www.facebook.com/dinerocomsv/posts/en-aes-llevamos-energ%C3%ADa-para-impulsar-al-pa%C3%ADs-hacia-adelante-invirtiendo-con-fue/1299582645508870/ https://www.instagram.com/reel/DQc83C6iRD_/ https://www.instagram.com/p/DRqlGT7jO_0/
undated,orr-el-salvador-datacenter-ai-visit,El Salvador,,undated,Caleb Orr,"... Caleb Orr, visit√≥ hoy Data Trust, el primer data center comercial certificado Tier III de El Salvador, donde se reuni√≥ con el Director Ejecutivo de Aristos ...",3,3,https://www.tiktok.com/@comercioynegociossv/video/7484312759476260118 https://www.tiktok.com/@comercioynegociossv/video/7545911269606444310 https://www.instagram.com/reel/DI2riuHs-rQ/
undated,orr-el-salvador-economy-minister-hayem,El Salvador,,undated,Caleb Orr,", Energy, and Business Affairs Caleb Orr, U.S. Charg√© d'Affaires a.i. to El Salvador Naomi Fellows, El Salvador's Economy Minister Mar√≠a Luisa Hayem, and ...",1,1,https://www.linkedin.com/posts/econ-at-state_are-you-a-us-company-interested-in-high-tech-activity-7453050080611299328-glt9
undated,orr-el-salvador-energy-sector-investment,El Salvador,,undated,Caleb Orr,U.S. Deputy Secretary Caleb Orr and El Salvador Energy Sector Discuss Investment and Economic Growth. ELSALVADORINENGLISH.COM. U.S. Deputy Secretary Caleb Orr ...,1,1,https://www.facebook.com/SLVNewsEnglish/posts/ciesca-commends-el-salvador-for-strengthening-anti-corruption-framework-ciesca-c/651087384093901/
undated,orr-el-salvador-hospital-rosales-visit,El Salvador,,undated,Caleb Orr,"#SocioConfiable | El subsecretario de Estado para Asuntos Econ√≥micos, Energ√©ticos y Comerciales de Estados Unidos, Caleb Orr, recorri√≥ distintos puntos del ...",5,5,https://www.instagram.com/p/DFJWzfRuNrq/?hl=en https://www.instagram.com/p/DFwS3oZOqUe/?hl=en https://www.instagram.com/p/DHCaHlcu5TT/ https://www.instagram.com/p/DHt0giuJrBT/ https://www.instagram.com/p/DIWMSVNx2u3/
undated,orr-el-salvador-investment-mission,El Salvador,,undated,Caleb Orr,"... Caleb Orr, destaca que la delegaci√≥n que visita El Salvador est√° integrada por representantes de distintas instituciones del Gobierno estadounidense y ...",8,8,https://www.facebook.com/dinerocomsv/posts/econom%C3%ADa-el-salvador-particip%C3%B3-en-el-primer-encuentro-regional-2025-del-proyecto/1207994198001049/ https://www.instagram.com/reel/DN9Hf_LjfBd/ https://www.facebook.com/dinerocomsv/posts/el-precio-de-la-canasta-b%C3%A1sica-baja-4-d%C3%B3lares-es-la-primera-baja-en-5-meses-onec/1389304956536638/ https://www.facebook.com/dinerocomsv/posts/-la-direcci%C3%B3n-de-obras-municipales-dio-inicio-a-la-remodelaci%C3%B3n-integral-del-ins/1485010330299433/ https://www.facebook.com/SecPrensaSV/posts/plannacionaldeagua-el-presidente-de-la-anda-el-salvador-jorge-castaneda-expresa-/1090786539892272/ https://www.facebook.com/SecPrensaSV/posts/sunsetpark-los-fuegos-artificiales-son-parte-de-esta-noche-en-sunset-park-donde-/1165891702381755/ https://www.tiktok.com/@secprensasv/video/7562946265936448779 https://www.tiktok.com/@secprensasv/video/7578162465695894795
undated,orr-el-salvador-official-visit,El Salvador,,undated,Caleb Orr,"‚ú® Durante su visita oficial a El Salvador, el subsecretario de Estado para Asuntos Econ√≥micos, Energ√©ticos y Empresariales de Estados Unidos, Caleb Orr ...",2,2,https://www.facebook.com/autoridadchsv/posts/-el-coraz%C3%B3n-de-el-salvador-late-m%C3%A1s-fuerte-%EF%B8%8Fhotel-cardedeu-centro-hist%C3%B3rico-tran/122185028666099951/ https://www.facebook.com/photo.php?fbid=1170756645097436&id=100064893332037&set=a.212531004253343
undated,troutman-equatorial-guinea-malabo-chamber,Equatorial Guinea,,undated,Sarah Troutman,"Fomento de la cooperaci√≥n econ√≥mica en Guinea Ecuatorial. Durante su visita a Malabo, en Guinea Ecuatorial, la subsecretaria adjunta Sarah Troutman se ...",6,6,https://www.instagram.com/p/DFwyKXPIOYt/?hl=en https://www.instagram.com/p/DHtNfPDI4PL/?hl=en https://www.instagram.com/reel/DMLJ7B-ISq_/ https://www.instagram.com/p/DMpNyf1Bxeh/ https://www.instagram.com/p/DSkDKOwDHF-/ https://www.instagram.com/reel/DIjcJriopjd/
undated,fitrell-eswatini-pm-dlamini-meeting,Eswatini,,undated,Troy Fitrell,"In the first meeting, the PM met with Ambassador Troy Fitrell, Senior Bureau Official at the Bureau of African Affairs, US Department of State, who was in the ...",18,18,https://www.facebook.com/EswatiniTV/posts/tindzaba-he-excellency-prime-minister-russell-dlamini-has-met-with-the-assistant/1024061303077878/ https://www.facebook.com/Thekingdomonline2022/posts/-%F0%9D%9F%90%F0%9D%90%8D%F0%9D%90%83-%F0%9D%90%80%F0%9D%90%8D%F0%9D%90%8D%F0%9D%90%94%F0%9D%90%80%F0%9D%90%8B-%F0%9D%90%81%F0%9D%90%94%F0%9D%90%92%F0%9D%90%88%F0%9D%90%8D%F0%9D%90%84%F0%9D%90%92%F0%9D%90%92-%F0%9D%90%93%F0%9D%90%8E-%F0%9D%90%86%F0%9D%90%8E%F0%9D%90%95%F0%9D%90%84%F0%9D%90%91%F0%9D%90%8D%F0%9D%90%8C%F0%9D%90%84%F0%9D%90%8D%F0%9D%90%93-%F0%9D%90%83%F0%9D%90%88%F0%9D%90%80%F0%9D%90%8B%F0%9D%90%8E%F0%9D%90%86%F0%9D%90%94%F0%9D%90%84-%F0%9D%90%8F%F0%9D%90%8C-%F0%9D%90%82%F0%9D%90%80%F0%9D%90%81%F0%9D%90%88%F0%9D%90%8D%F0%9D%90%84%F0%9D%90%93-%F0%9D%90%8C%F0%9D%90%84%F0%9D%90%84%F0%9D%90%93-%F0%9D%90%81%F0%9D%90%94%F0%9D%90%92%F0%9D%90%88%F0%9D%90%8D%F0%9D%90%84%F0%9D%90%92%F0%9D%90%92-%F0%9D%90%82%F0%9D%90%8E%F0%9D%90%8C%F0%9D%90%8C%F0%9D%90%94%F0%9D%90%8D%F0%9D%90%88%F0%9D%90%93%F0%9D%90%98-%F0%9D%90%93/972138911766958/ https://www.facebook.com/eswatinipositivenews/posts/prime-minister-russell-mmiso-dlamini-has-today-met-with-a-special-envoy-from-the/995797486102941/ https://www.facebook.com/eswatinipositivenews/posts/%F0%9D%90%94%F0%9D%90%92-%F0%9D%90%92%F0%9D%90%93%F0%9D%90%91%F0%9D%90%84%F0%9D%90%8D%F0%9D%90%86%F0%9D%90%93%F0%9D%90%87%F0%9D%90%84%F0%9D%90%8D%F0%9D%90%92-%F0%9D%90%88%F0%9D%90%8D%F0%9D%90%95%F0%9D%90%84%F0%9D%90%92%F0%9D%90%93%F0%9D%90%8C%F0%9D%90%84%F0%9D%90%8D%F0%9D%90%93-%F0%9D%90%8F%F0%9D%90%80%F0%9D%90%91%F0%9D%90%93%F0%9D%90%8D%F0%9D%90%84%F0%9D%90%91%F0%9D%90%92%F0%9D%90%87%F0%9D%90%88%F0%9D%90%8F-%F0%9D%90%96%F0%9D%90%88%F0%9D%90%93%F0%9D%90%87-%F0%9D%90%84%F0%9D%90%92%F0%9D%90%96%F0%9D%90%80%F0%9D%90%93%F0%9D%90%88%F0%9D%90%8D%F0%9D%90%88by-mbono-mdlulimbabane-the-un/1095247019491320/ https://www.facebook.com/eswatinipositivenews/posts/%F0%9D%90%8F%F0%9D%90%91%F0%9D%90%88%F0%9D%90%8C%F0%9D%90%84-%F0%9D%90%8C%F0%9D%90%88%F0%9D%90%8D%F0%9D%90%88%F0%9D%90%92%F0%9D%90%93%F0%9D%90%84%F0%9D%90%91-%F0%9D%90%96%F0%9D%90%84%F0%9D%90%8B%F0%9D%90%82%F0%9D%90%8E%F0%9D%90%8C%F0%9D%90%84%F0%9D%90%92-%F0%9D%90%8D%F0%9D%90%84%F0%9D%90%96-%F0%9D%90%94%F0%9D%90%92-%F0%9D%90%84%F0%9D%90%8D%F0%9D%90%95%F0%9D%90%8E%F0%9D%90%98-%F0%9D%90%93%F0%9D%90%8E-%F0%9D%90%92%F0%9D%90%93%F0%9D%90%91%F0%9D%90%84%F0%9D%90%8D%F0%9D%90%86%F0%9D%90%93%F0%9D%90%87%F0%9D%90%84%F0%9D%90%8D-%F0%9D%90%81%F0%9D%90%88%F0%9D%90%8B%F0%9D%90%80%F0%9D%90%93%F0%9D%90%84%F0%9D%90%91%F0%9D%90%80%F0%9D%90%8B-%F0%9D%90%93%F0%9D%90%88%F0%9D%90%84%F0%9D%90%92by-mbono-mdluli/1100676135615075/ https://www.facebook.com/eswatinipositivenews/posts/prime-minister-russell-mmiso-dlamini-and-deputy-prime-minister-thuli-dladla-live/1107332064949482/ https://www.facebook.com/eswatinipositivenews/posts/%F0%9D%90%84%F0%9D%90%8C%F0%9D%90%81%F0%9D%90%91%F0%9D%90%80%F0%9D%90%82%F0%9D%90%88%F0%9D%90%8D%F0%9D%90%86-%F0%9D%90%93%F0%9D%90%84%F0%9D%90%82%F0%9D%90%87%F0%9D%90%8D%F0%9D%90%8E%F0%9D%90%8B%F0%9D%90%8E%F0%9D%90%86%F0%9D%90%98-%F0%9D%90%82%F0%9D%90%80%F0%9D%90%8D-%F0%9D%90%81%F0%9D%90%8E%F0%9D%90%8E%F0%9D%90%92%F0%9D%90%93-%F0%9D%90%80%F0%9D%90%85%F0%9D%90%91%F0%9D%90%88%F0%9D%90%82%F0%9D%90%80%F0%9D%90%8D-%F0%9D%90%93%F0%9D%90%91%F0%9D%90%80%F0%9D%90%83%F0%9D%90%84-%F0%9D%90%80%F0%9D%90%8D%F0%9D%90%83-%F0%9D%90%84%F0%9D%90%82%F0%9D%90%8E%F0%9D%90%8D%F0%9D%90%8E%F0%9D%90%8C%F0%9D%90%98-%F0%9D%90%8F%F0%9D%90%8Cby-mfanufikile-khathw/1148264577522897/ https://www.facebook.com/EswatiniGov/posts/prime-minister-russell-mmiso-dlamini-has-today-received-a-courtesy-call-from-the/1118486570474678/ https://www.facebook.com/EswatiniGov/posts/his-majesty-king-mswati-iii-has-today-received-letters-of-credence-from-two-inco/1132657009057634/ https://www.facebook.com/EswatiniGov/posts/photos-prime-minister-russell-mmiso-dlamini-selected-cabinet-ministers-and-diffe/1138286828494652/ https://www.facebook.com/OfficialBuhleBetfu/posts/km-iii-the-prime-minister-he-russell-mmiso-dlamini-has-left-eswatini-for-angola-/1488486493277562/ https://www.facebook.com/dfaphl/posts/philippine-ambassador-noralyn-jubaira-baja-presented-her-credentials-to-his-maje/1196536289296275/
undated,boulos-au-commission-youssouf-addis,Ethiopia,,undated,Massad Boulos,Senior Advisor for Africa Massad Boulos met with African Union Commission Chairperson H.E. Mahamoud Ali Youssouf yesterday in Addis Ababa. They discussed U.S.- ...,1,1,https://www.facebook.com/AfricanUnionCommission/posts/he-mahmoud-ali-youssouf-held-a-bilateral-meeting-with-us-us-department-of-state-/1139931001497903/
undated,boulos-ethiopia-first-official-visit,Ethiopia,,undated,Massad Boulos,I am US senior adviser Masad Bulos. It's a true privilege to be here in Ethiopia on my first official visit as senior adviser.,1,1,https://www.youtube.com/watch?v=EvYFXeqUBVk
undated,boulos-ethiopia-state-visit-airport-plan,Ethiopia,,undated,Massad Boulos,"US Senior Advisor for Africa Massad Boulos revealed the plan during a briefing following his state visit to Ethiopia last week, where he met with Prime ...",1,1,https://www.linkedin.com/posts/ekow-coleman-1421274a_ethiopian-airlines-group-to-construct-biggest-activity-7307893101342158849-dg8u
undated,checker-39th-african-union-summit-addis,Ethiopia,,undated,Nick Checker,"Senior Bureau Official Nick Checker is representing the United States at the 39th African Union Summit in Addis Ababa, Ethiopia. He is meeting with African ...",1,1,https://www.facebook.com/DOSAfricanAffairs/posts/senior-bureau-official-nick-checker-is-representing-the-united-states-at-the-39t/1352090290291559/
undated,checker-ethiopia-fm-gedion-meeting,Ethiopia,,undated,Nick Checker,"U.S. Senior Bureau Official Nick Checker and Ethiopia's Minister of Foreign Affairs Gedion Timotheos focused on economic growth, regional peace, and ...",1,1,https://www.facebook.com/us.emb.addisababa/posts/us-department-of-state-senior-bureau-official-nick-checkers-meeting-with-ethiopi/1210805054543655/
undated,fitrell-addis-ababa-africa-summit-announcement,Ethiopia,,undated,Troy Fitrell,"The summit, announced by Acting Assistant Secretary of State for African Affairs Troy Fitrell, aims to deepen trade and investment ties between the United ...",4,4,https://www.facebook.com/fatunetwork/posts/african-leaders-are-gathering-for-a-summit-in-addis-ababa-on-friday-with-the-dis/1450784939773740/ https://www.facebook.com/theafricareport/posts/us-africa-week-ahead-war-in-iran-agoa-next-steps-melania-trump-at-the-un/1364873979006508/ https://www.facebook.com/africaishome2/posts/at-an-investment-forum-donald-trump-highlighted-africas-untapped-economic-promis/1536484137839145/ https://www.facebook.com/africanfolder/posts/donald-trump-says-africa-has-tremendous-potential-if-nations-on-the-continent-wo/922580933717747/
undated,fitrell-ethiopia-addis-air-quality-initiative,Ethiopia,,undated,Troy Fitrell,"At the launching event Charg√© d'Affaires Troy Fitrell said, ‚ÄúThe United States believes that an investment in improving Ethiopia's air quality is an investment ...",2,2,https://www.facebook.com/AmharaMediaCorporationEnglish/posts/congratulations-addis-ababa-joins-the-global-breathe-cities-initiative/1619670906832570/ https://www.facebook.com/etvworld1/posts/addis-ababa-has-officially-joined-the-breathe-cities-network-this-milestone-was-/1494532492686968/
undated,fitrell-ethiopia-peace-corps-swearing-in,Ethiopia,,undated,Troy Fitrell,"As 37 new Peace Corps Volunteers committed to working in Ethiopia for the next two years, Charg√© d'Affaires Troy Fitrell told them, ‚ÄúYou are investing in ...",1,1,https://www.facebook.com/corpsafrica/posts/on-his-first-day-serving-in-southwest-ethiopia-corpsafrica-volunteer-befikadu-ha/900629229199215/
undated,fitrell-us-africa-business-summit-ethiopia,Ethiopia,,undated,Troy Fitrell,"' - Troy Fitrell, Senior Bureau Official for African Affairs #USAfricaBusinessSummit #TradeNotAid #US_Africa #US_Ethiopia ¬∑ 1:10 PM ¬∑ Jul 7, 20254.8KViews ¬∑ 8.",2,2,https://x.com/USEmbassyAddis/status/1942557054566072487 https://x.com/USEmbassyAddis/status/1942209500515045701
undated,hooker-ethiopia-fm-gedion-meeting-2025-02,Ethiopia,,undated,Allison Hooker,2 days ago. OCR. SUA Allison Hooker Under Secretary of State for Political Affairs. drs.jaishankar's profile picture ¬∑ drs.jaishankar. ‚Ä¢. Follow.,1,1,https://www.instagram.com/p/DGS_eLGvRtk/
undated,landau-first-trip-egypt-ethiopia-kenya,Ethiopia,,undated,Landau,"Christopher Landau ¬∑ Department of State ¬∑ @DeputySecState. Very excited to be leaving tomorrow for my first trip to Egypt , Ethiopia , Kenya , and ...",1,1,https://x.com/DeputySecState/status/2014823469926502755
undated,pratt-ethiopia-state-minister-admassu,Ethiopia,,undated,Jonathan Pratt,"SBO Jonathan Pratt met with State Minister of Foreign Affairs Hadera Abera Admassu to build on our cooperation to foster peace, regional stability, and ...",1,1,https://www.facebook.com/DOSAfricanAffairs/posts/sbo-jonathan-pratt-met-with-state-minister-of-foreign-affairs-hadera-abera-admas/1232972795536643/
undated,troutman-corporate-council-africa-addis,Ethiopia,,undated,Sarah Troutman,"Speaking at a Corporate Council on Africa event in Addis Ababa, Deputy Assistant Secretary Sarah Troutman shared the Trump Administration's commercial focus on ...",1,1,https://www.facebook.com/USAU09/posts/speaking-at-a-corporate-council-on-africa-event-in-addis-ababa-deputy-assistant-/1369513918541506/
undated,troutman-ethiopia-addis-google-visit,Ethiopia,,undated,Sarah Troutman,Embassy Addis Ababa welcomed State Department Deputy Assistant Secretary Sarah Troutman to Ethiopia this week. DAS Troutman joined Google to highlight their ...,2,2,https://x.com/USEmbassyAddis/status/2024125149734191335 https://www.instagram.com/p/DU5vZzfEao1/
undated,troutman-ethiopia-au-summit-visit,Ethiopia,,undated,Sarah Troutman,"The Deputy Assistant Secretary for the Bureau of African Affairs Sarah Troutman visited Ethiopia to attend the AU Summit, followed by a series of productive ...",4,4,https://www.facebook.com/us.emb.addisababa/posts/the-deputy-assistant-secretary-for-the-bureau-of-african-affairs-sarah-troutman-/1212481544376006/ https://x.com/USEmbassyAddis/status/2024751784359538823 https://www.instagram.com/p/DU-MVSrDhpo/ https://www.linkedin.com/posts/habtamu-gemechu-121b1030_us-embassy-addis-ababa-activity-7430529746826010626-X9pg
undated,troutman-ethiopia-finance-minister-airlines,Ethiopia,,undated,Sarah Troutman,"Today, DAS Sarah Troutman spoke to Ethiopian Minister of Finance Shide and Ethiopian Airlines CEO Mesfin to connect them directly with the U.S. companies ...",10,10,https://www.facebook.com/ethembassy/photos/d41d8cd9/1111428527685497/ https://www.facebook.com/ethembassy/posts/%E1%8B%A8-african-roots-and-cultures-exhibition-%E1%89%A0%E1%8A%A0%E1%88%9C%E1%88%AA%E1%8A%AB-%E1%88%9C%E1%88%AA%E1%88%8B%E1%8A%95%E1%8B%B5-%E1%8C%8D%E1%8B%9B%E1%89%B5-%E1%88%8A%E1%8A%AB%E1%88%84%E1%8B%B5-%E1%8A%90%E1%8B%8D%E1%8A%A5%E1%8A%A0%E1%8A%A0-%E1%8C%81%E1%8A%95-22-%E1%89%80%E1%8A%95-2025/1113761930785490/ https://www.facebook.com/ethembassy/photos/d41d8cd9/1125496589612024/ https://www.facebook.com/ethembassy/photos/women-are-driving-climate-smart-communities-across-africa-at-acs2-their-vision-f/1168824795279203/ https://www.facebook.com/ethembassy/photos/d41d8cd9/1170530321775317/ https://www.facebook.com/ethembassy/posts/%E1%8B%8B%E1%88%BD%E1%8A%95%E1%8C%8D%E1%89%B0%E1%8A%95-%E1%8B%B2%E1%88%B2-%E1%89%A0%E1%88%9A%E1%8C%88%E1%8A%98%E1%8B%8D-%E1%8B%A8%E1%8A%A2%E1%8D%8C%E1%8B%B2%E1%88%AA-%E1%8A%A4%E1%88%9D%E1%89%A3%E1%88%B2-%E1%89%A5%E1%88%94%E1%88%AB%E1%8B%8A-%E1%8B%A8%E1%88%B0%E1%8A%95%E1%8B%B5%E1%89%85-%E1%8B%93%E1%88%8B%E1%88%9B-%E1%89%80%E1%8A%95-%E1%8A%A0%E1%8A%A8%E1%89%A3%E1%89%A0%E1%88%AD-/1225284806299868/ https://www.facebook.com/ethembassy/posts/1295588619269486/ https://www.facebook.com/ethembassy/photos/d41d8cd9/1376344901193857/ https://x.com/AsstSecStateAF/status/2046381751635710393 https://www.facebook.com/DOSAfricanAffairs/posts/today-das-sarah-troutman-spoke-to-ethiopian-minister-of-finance-shide-and-ethiop/1409353917898529/
undated,ustda-ethiopia-grant-signing-ceremony,Ethiopia,,undated,Troy Fitrell,Charg√© d'Affaires Troy Fitrell presided over a signing ceremony for a grant from the U.S. Trade and Development Agency (USTDA) for a study to support the ...,1,1,https://www.facebook.com/AmnaddisEnglish/posts/unido-representative-to-ethiopia-enhancing-energy-capacity-is-key-to-ethiopias-i/927692242960897/
undated,yilla-ethiopia-lia-tadesse-health,Ethiopia,,undated,Mamadi Yilla,"The U.S. Ambassador to Ethiopia, Ervin Massinga, and Deputy Coordinator for Health Diplomacy, Dr. Mamadi Yilla, met with Dr. Lia Tadesse, Minister of Health, to ...",1,1,https://www.facebook.com/poaenglish/posts/partnership-is-not-a-slogan-it-is-a-capability-built-deliberately-through-trust-/122188301228683092/
undated,yilla-ethiopia-mekdes-daba-health-talks,Ethiopia,,undated,Mamadi Yilla,"Minister of Health Dr. Mekdes Daba discussed government-to-government health matters with Dr. Mamadi Yilla, Deputy Assistant Secretary of the US Department of ...",3,3,https://www.facebook.com/nassiryulibi/posts/%E1%8A%A0%E1%88%9C%E1%88%AA%E1%8A%AB-%E1%89%A0%E1%8A%91%E1%8A%AD%E1%88%8C%E1%88%AD-%E1%8B%99%E1%88%AA%E1%8B%AB-%E1%8A%A8%E1%88%98%E1%8B%B0%E1%88%AB%E1%8B%B0%E1%88%AD-%E1%8B%8D%E1%8C%AD-%E1%88%8C%E1%88%8B-%E1%8A%A0%E1%88%9B%E1%88%AB%E1%8C%AD-%E1%8B%A8%E1%88%8B%E1%89%B5%E1%88%9D-%E1%8B%A8%E1%8A%A2%E1%88%AB%E1%8A%95-%E1%8B%A8%E1%8B%8D%E1%8C%AD-%E1%8C%89%E1%8B%B3%E1%8B%AD-%E1%88%9A%E1%8A%92%E1%88%B5%E1%89%B5%E1%88%AD-%E1%8B%A8%E1%8A%A2%E1%88%AB%E1%8A%95-%E1%8B%A8%E1%8B%8D%E1%8C%AD-%E1%8C%89%E1%8B%B3%E1%8B%AD-%E1%88%9A%E1%8A%92%E1%88%B5%E1%89%B5%E1%88%AD-%E1%8A%A0%E1%89%A3%E1%88%B5-/2748407172176694/ https://www.facebook.com/nassiryulibi/photos/d41d8cd9/2752328848451193/ https://www.facebook.com/nassiryulibi/posts/2751482445202500/
undated,us-ghana-visa-bilateral-hooker-2025,Ghana,,undated,,,0,0,
undated,cybastion-guinea-100m-deal,Guinea,,undated,Troy Fitrell,Bureau Official Troy Fitrell congratulated U.S. company Cybastion and the Guinean government on another new $100 million deal in Guinea that provides safety ...,1,1,https://x.com/AsstSecStateAF/status/1921292934005280960
undated,fitrell-guinea-ambassador-credentials,Guinea,,undated,Troy Fitrell,... Troy FITRELL; qui a pr√©sent√© ses lettres de cr√©ance au Pr√©sident Mamadi DOUMBOUYA le 28 janvier 2022. Le bilan reste tr√®s positif - with Konat√© Mf'k and 3 ...,4,4,https://www.facebook.com/tvgabon24/posts/gabon-diplomatie-%C3%A0-quelques-jours-de-son-d%C3%A9part-pour-son-pays-o%C3%B9-elle-a-%C3%A9t%C3%A9-rapp/1321313123365267/ https://www.facebook.com/100063465035624/posts/conakry-vibre-encore-un-grand-honneur-de-chanter-pour-se-morissanda-kouyat%C3%A9-mini/1578042897654530/ https://www.facebook.com/100066757973456/posts/basketball-en-guin%C3%A9e-lambassade-des-%C3%A9tats-unis-soutient-les-jeunes-talents/1255192133382707/ https://www.facebook.com/Inperturbable/posts/la-c%C3%B4nsulat-%C3%A0m%C3%A9ricain-%C3%A0-d%C3%B9ba%C3%AF-maintenant/1727896885328381/
undated,fitrell-guinea-conakry-press-announcement,Guinea,,undated,Troy Fitrell,"L'annonce en a √©t√© faite ce jeudi 8 mai 2025 √† Conakry par l'ambassadeur des √âtats-Unis en Guin√©e, Troy Fitrell, lors d'une rencontre avec des journalistes.",2,2,https://www.facebook.com/usembassyconakry/posts/les-paroles-inspirantes-du-premier-ambassadeur-des-%C3%A9tats-unis-en-guin%C3%A9e-sur-limp/1053926020097995/ https://www.facebook.com/usembassyconakry/posts/faites-la-rencontre-de-notre-nouvelle-charg%C3%A9e-daffaires-nous-sommes-ravis-daccue/1182466700577259/
undated,fitrell-guinea-fashion-industry-women,Guinea,,undated,Troy Fitrell,Ambassador Troy Fitrell highlighted the fashion industry in Guinea and the opportunities it creates for women and girls throughout the country. He noted the ...,1,1,https://www.instagram.com/aminata_kpaaf/
undated,fitrell-guinea-national-order-of-merit,Guinea,,undated,Troy Fitrell,"The Grand Commander of the National Order of Merit of the Republic of Guinea is awarded to H.E. Troy Fitrell, U.S. Ambassador to Guinea, and his Charg√© ...",1,1,https://www.youtube.com/watch?v=ZE56SYEXL9s&vl=en-US
undated,fitrell-guinea-pm-oury-bah-inauguration,Guinea,,undated,Troy Fitrell,Sr. Bureau Official Troy Fitrell had a productive meeting with Guinean Prime Minister Oury Bah today to underscore U.S. support for Guinea's progress toward a ...,2,2,https://www.facebook.com/DOSAfricanAffairs/posts/during-his-visit-to-guinea-for-the-presidential-inauguration-senior-bureau-offic/1330675992432989/ https://www.facebook.com/100063970303274/posts/district-10-representative-hon-yekeh-kolubah-is-currently-in-guinea-on-a-mission/1477118697763793/
undated,orr-guyana-bilateral-economic-growth,Guyana,,undated,Caleb Orr,"... Caleb Orr. Talks centered on strengthening bilateral relations amid Guyana's rapid economic growth, with a focus on improving the livelihoods of all ...",1,1,https://www.facebook.com/rcgvrepresentantes/posts/1180748014082614/
undated,orr-helberg-guyana-state-dept-talks,Guyana,,undated,Caleb Orr,"Caleb Orr, at the State Department in Washington DC. Discussions focused on expanding the strategic cooperation between the two countries to advance our ...",2,2,https://www.facebook.com/MoFgy/posts/1174024008099174/ https://www.instagram.com/p/DOXCzwJjIf0/
undated,rubio-guyana-caribbean-tour,Guyana,,undated,Marco Rubio,"U.S. Secretary of State Marco Rubio arrived on Thursday in Guyana, the second leg of a three-nation tour of the Caribbean, as the Trump administration ramps ...",1,1,https://www.youtube.com/watch?v=4IDGXrilfew
undated,rubio-jamaica-guyana-suriname-tour,Guyana,,undated,Marco Rubio,"Secretary of State Marco Rubio will travel to Jamaica, Guyana, and Suriname March 26-27 to advance President Donald J. Trump's U.S. foreign policy priorities in ...",1,1,https://www.facebook.com/statedept/videos/secretary-of-state-marco-rubio-will-travel-to-jamaica-guyana-and-suriname/1747602716161975/
undated,orr-honduras-casa-presidencial,Honduras,,undated,Caleb Orr,"#HCHNoticias | Subsecretario de Asuntos Econ√≥micos y Empresariales del Departamento de EE.UU., Caleb Orr, llegan a Casa Presidencial para reunirse con el ...",1,1,https://www.tiktok.com/@hch.tv/video/7549736613224434950
undated,orr-honduras-conversa-2025,Honduras,,undated,Caleb Orr,"... Caleb Orr, y el director ejecutivo de la Corporaci√≥n Financiera de Desarrollo Internacional, Ben Black, en Casa Presidencial. Durante la reuni√≥n abordamos ...",1,1,https://www.instagram.com/p/DQZazFTku24/
undated,orr-honduras-entrepreneurs-investment,Honduras,,undated,Caleb Orr,"... Caleb Orr, junto a representantes de entidades financieras y comerciales estadounidenses, para explorar oportunidades de inversi√≥n en energ√≠a ...",1,1,https://www.instagram.com/reel/DNJp5D-qaVS/
undated,lewin-jamaica-visit,Jamaica,,undated,Jeremy P. Lewin,"... Jeremy P. Lewin and Director of Media Affairs at the Bureau of Global Public Affairs, Laura Ortiz Rodriguez, to Jamaica. Mr Lewin is Under Secretary of ...",1,1,https://www.instagram.com/p/DQ3KMp5jV0K/
undated,rubio-jamaica-guyana-suriname-tour,Jamaica,,undated,Marco Rubio,"Secretary of State Marco Rubio will travel to Jamaica, Guyana, and Suriname March 26-27 to advance President Donald J. Trump's U.S. foreign policy priorities in ...",1,1,https://www.facebook.com/statedept/videos/secretary-of-state-marco-rubio-will-travel-to-jamaica-guyana-and-suriname/1747602716161975/
undated,yilla-lesotho-health-trade-negotiation,Lesotho,,undated,Mamadi Yilla,"... Mamadi Yilla, in November last year. The message: This is not a health aid agreement but a trade policy deal. The title of Yilla, who led the US negotiating ...",18,18,https://www.facebook.com/BestBroadcastingCompany/posts/trump-make-mockery-statement-about-lesotho-us-gave-8-million-to-an-african-count/971122758475781/ https://www.facebook.com/dailylaughplug/posts/lesotho-faces-economic-threat-amid-potential-us-aid-cuts-warns-king-letsie-iiile/535313296276908/ https://www.facebook.com/GroundUpNews/posts/the-united-states-has-moved-to-shut-down-an-american-funded-r6-billion-developme/1256488983149841/ https://www.facebook.com/TheReporterLS/posts/interviewthe-national-university-of-lesothos-faculty-of-health-sciences-departme/1120695216750545/ https://www.facebook.com/lestimes/posts/indian-company-verobien-healthcare-private-limited-has-dismissed-allegations-tha/1330134825364421/ https://www.facebook.com/100063775941196/posts/a-leaked-diplomatic-cable-has-revealed-that-the-abrupt-termination-of-a-major-un/1280877084048144/ https://www.facebook.com/thepost.co.ls/photos/d41d8cd9/1295801341947900/ https://www.facebook.com/thepost.co.ls/posts/video-a-press-conference-was-held-at-the-ministry-of-health-to-follow-up-update-/1314086083452759/ https://www.facebook.com/ltqhobs/posts/so-according-to-mme-rebecca-tsiboho-requirements-to-open-a-private-doctors-pract/10238285845420659/ https://www.facebook.com/100072019954167/posts/eswatini-us-sign-a-health-aid-mou-as-similar-us-agreements-raise-privacy-concern/869218765488781/ https://www.facebook.com/100067195675955/posts/relief-or-risk-botswanas-health-agreement-in-a-time-of-shortageby-joseph-legau-b/1179471640969347/ https://www.facebook.com/lesothonewsagency/posts/government-encouraged-to-seek-alternative-support-maseru-qiloane-nursing-staff-u/122260049636217859/
undated,checker-liberia-african-diplomatic-corps,Liberia,,undated,Nick Checker,"United States Department of State Senior Bureau Official Nick Checker and Bureau of African Affairs leadership welcomed the African Diplomatic Corps, including ...",2,2,https://www.facebook.com/monrovia.usembassy/posts/united-states-department-of-state-senior-bureau-official-nick-checker-and-bureau/1339937864828385/ https://www.facebook.com/monrovia.usembassy/photos/united-states-department-of-state-senior-bureau-official-nick-checker-and-bureau/1339937584828413/
undated,checker-senate-testimony-africa-approach,Liberia,,undated,Nick Checker,""" - Senior Bureau Official for African Affairs Nick Checker during his testimony before the Senate Foreign Relations Committee on ‚ÄúThe U.S. Approach to ...",7,7,https://www.facebook.com/monrovia.usembassy/photos/d41d8cd9/1137654898390017/ https://www.facebook.com/monrovia.usembassy/photos/d41d8cd9/1160346782787495/ https://www.facebook.com/monrovia.usembassy/photos/d41d8cd9/1164059182416255/?set=a.300612172094298 https://www.facebook.com/DOSAfricanAffairs/photos/statement-on-south-sudan/1301665942000661/ https://x.com/AsstSecStateAF/status/2047385066364674227 https://m.facebook.com/sierraleone.usembassy/photos/d41d8cd9/1106947444812312/ https://www.facebook.com/sierraleone.usembassy/photos/1143660367807686/
undated,checker-stevens-liberia-engagement,Liberia,,undated,Nick Checker,"Representing U.S. interests were Nick Checker, Bureau Chief for African Affairs, and William Stevens, Deputy Assistant Secretary for West Africa. Leading ...",4,4,https://www.facebook.com/nyemahjr/posts/got-featured-on-lntv-liberia-live-the-other-day-at-the-opening-of-the-us-liberia/10097271397020419/ https://www.facebook.com/groups/181173922043086/posts/3121983021295480/ https://www.facebook.com/lyobserver/posts/dbeibah-reviews-latest-developments-bilateral-cooperation-with-us-charg%C3%A9-daffair/1230193745818571/ https://www.facebook.com/amara.kamaram/posts/liberia-a-defining-moment-in-our-diplomatic-journey-%F0%9D%90%87%F0%9D%90%84-%F0%9D%90%92%F0%9D%90%9A%F0%9D%90%AB%F0%9D%90%9A-%F0%9D%90%81%F0%9D%90%9E%F0%9D%90%B2%F0%9D%90%AC%F0%9D%90%A8%F0%9D%90%A5%F0%9D%90%A8%F0%9D%90%B0-%F0%9D%90%8D%F0%9D%90%B2%F0%9D%90%9A%F0%9D%90%A7%F0%9D%90%AD%F0%9D%90%A2-mini/25300408692957431/
undated,fitrell-liberia-fm-nyanti-economic-talks,Liberia,,undated,Troy Fitrell,Today Senior Bureau Official Troy Fitrell met with Liberian Foreign Minister Sara Beysolow Nyanti to discuss economic opportunities to advance joint ...,1,1,https://www.facebook.com/DOSAfricanAffairs/photos/today-senior-bureau-official-troy-fitrell-met-with-liberian-foreign-minister-sar/1056634843170440/
undated,liberia-18m-health-security-launch,Liberia,,undated,Jeremy P. Lewin,"Jeremy P. Lewin, U.S. Under Secretary for Foreign Assistance, Humanitarian Affairs, and Religious Freedom. The agreement designates the U.S. State Department as ...",1,1,https://www.facebook.com/theliberianinvestigator/posts/monrovia-liberia-has-launched-a-us18-million-health-security-project-aimed-at-st/122223006176284152/
undated,boulos-cairo-libya-cautious-optimism,Libya,,undated,Massad Boulos,"... Massad Boulos, in Cairo on Sunday to discuss the situation in Libya. READ MORE : http://www.africanews.com/2026/06/22/us-advisor-expresses-cautious-optimism ...",1,1,https://www.youtube.com/watch?v=41xyzvCYz2k
undated,boulos-libya-commercial-milestones-noc,Libya,,undated,Massad Boulos,... Massad Boulos joined Libyan partners to celebrate significant milestones in U.S.-Libya commercial relationship. The National Oil Corporation's announcement ...,1,1,https://x.com/USEmbassyLibya/status/2015108635131617699?lang=en
undated,boulos-libya-misrata-talks-july,Libya,,undated,Massad Boulos,"Massad Boulos, US President Donald Trump's adviser on Africa and the Middle East, arrived in the western city of Misrata on July 7th for talks with political ...",2,2,https://www.instagram.com/p/DZrf0S0H6Jr/ https://www.instagram.com/p/DanzVwmDr3U/
undated,boulos-tripoli-red-castle-visit,Libya,,undated,Massad Boulos,"Massad Boulos, DAS @StateDept_NEA Josh Harris, and Charg√© d'Affaires Jeremy Berndt toured the iconic Red Castle in #Tripoli and the National Museum which ...",1,1,https://x.com/USEmbassyLibya/status/1948329967424524294
undated,boulos-tunisia-libya-algeria-tour,Libya,,undated,Massad Boulos,"The recent visit of Massad Boulos, a senior advisor to President Donald Trump, to Tunisia, Libya (Benghazi included) and Algeria is seen by some observers as a ...",1,1,https://www.facebook.com/eNCAnews/posts/us-envoy-massad-boulos-has-spent-the-past-year-shuttling-between-libyas-rival-le/1351018677181111/
undated,dbeibah-receives-boulos-tripoli,Libya,,undated,Massad Boulos,"Prime Minister Abdul Hamid Dbeibah received US President Donald Trump's Senior Advisor for Africa, Massad Boulos, in Tripoli this morning. Both sides held talks ...",1,1,https://www.facebook.com/LibyatheVision/posts/libyan-prime-minister-meets-senior-us-advisor-to-expand-libyanamerican-economic-/1409924044482055/
undated,rubio-saddam-haftar-libya-military-unification,Libya,,undated,Marco Rubio,Secretary Marco Rubio ¬∑ Department of State ¬∑ @SecRubio. Met with Libyan National Army Deputy Commander Saddam Haftar to discuss unifying Libya's military and ...,1,1,https://x.com/SecRubio/status/2071681094840119653?lang=en
undated,checker-madagascar-embassy-welcome,Madagascar,,undated,Nick Checker,"... des √âtats-Unis a accueilli √† Madagascar le Sous-secr√©taire Adjoint am√©ricain charg√© de l'Afrique australe Nick Checker, et le Conseiller Principal au Bureau",1,1,https://x.com/USMadagascar/status/2067210390291841410
undated,checker-madagascar-government-discussions,Madagascar,,undated,Nick Checker,"Deputy Assistant Secretary of State (DAS) for Southern Africa and Foreign Assistance, Mr. Nick CHECKER met with Malagasy Government with discussions on ...",1,1,https://www.reddit.com/r/UraniumSqueeze/comments/1u95tns/uuuu_725m_funding_the_stars_are_aligning/
undated,checker-madagascar-president-meeting,Madagascar,,undated,Nick Checker,"En visite √† Madagascar, le sous-secr√©taire adjoint des √âtats-Unis charg√© de l'Afrique australe, Nick Checker, a rencontr√© le pr√©sident de la ...",1,1,https://www.instagram.com/p/DO8YaZyjUEW/
undated,checker-madagascar-vara-mada-project,Madagascar,,undated,Nick Checker,"Nick Checker, sous-secr√©taire d'√âtat charg√© des affaires africaines. Et Christopher Kulukundis, haut conseiller pour l'Afrique. Leur sujet principal, le ...",5,5,https://www.instagram.com/reel/DP3sHRtgkkE/ https://www.instagram.com/reel/DPytvHVjHjF/ https://www.instagram.com/p/DQPUfv7Asw_/ https://www.instagram.com/p/DPt_vB_jOzS/ https://www.instagram.com/reel/DPwScCUD88k/
undated,fitrell-madagascar-investment-climate-delegation,Madagascar,,undated,Troy Fitrell,"Les conversations montent √† l'√©tage sup√©rieur. Cette fois-ci c'est devant Troy Fitrell que la d√©l√©gation malgache, actuellement en terre am√©ricaine,...",1,1,https://www.facebook.com/2424.mg/posts/les-conversations-montent-%C3%A0-l%C3%A9tage-sup%C3%A9rieur-cette-fois-ci-cest-devant-troy-fitr/1091030419729927/
undated,checker-malawi-liwonde-wildlife,Malawi,,undated,Nick Checker,"Deputy Assistant Secretary Nick Checker visited Liwonde National Park, managed by @AfricanParks, and Lilongwe Wildlife Trust to learn about Malawi's ...",1,1,https://x.com/USEmbassyLLW/status/2001200954238984644
undated,checker-malawi-mining-songwe-kangankunde,Malawi,,undated,Nick Checker,Deputy Assistant Secretary Nick Checker visited Mkango's Songwe Hill project in Phalombe & Lindian's Kangankunde project in Balaka ‚Äì investments with ...,1,1,https://www.instagram.com/p/DSWvfKIjT3z/
undated,checker-malawi-trade-investment-talks,Malawi,,undated,Nick Checker,Deputy Assistant Secretary Nick Checker met with leaders from the Government of Malawi and the private sector to discuss trade and investment between the U.S. ...,5,5,https://www.instagram.com/p/DSRgYYRjQjC/ https://x.com/sovereignmetals/status/2001594962643693751 https://x.com/USEmbassyLLW/status/2000448169499328629 https://www.facebook.com/USEmbassyLilongwe/posts/we-are-now-on-instagram-tell-a-friend-to-tell-a-friend-follow-us-for-updates-on-/1157054423130248/ https://www.facebook.com/DOSAfricanAffairs/posts/1305338764966712/
undated,fitrell-malawi-bilateral-trade-talks,Malawi,,undated,Troy Fitrell,"Malawi is also expected to engage in bilateral talks with U.S. officials, including Ambassador Troy Fitrell and the U.S. Trade Representative's Office, to ...",16,16,https://www.facebook.com/100068911191908/posts/on-sunday-16th-february-2025-honourable-nancy-tembo-mp-minister-of-foreign-affai/932831142357250/ https://www.facebook.com/TradeMarkAfrica/posts/great-news-for-malawis-business-community-the-malawi-confederation-of-chambers-o/970545435192153/ https://www.facebook.com/EconomicCommissionforAfrica/posts/in-his-presentation-of-the-draft-report-on-malawis-special-economic-zones-regula/1071046511723700/ https://www.facebook.com/edfmalawi/posts/as-the-iatf-2025-continues-we-remain-committed-to-strengthening-malawis-presence/1247981390462763/ https://www.facebook.com/nbs.malawi/posts/day-2-has-kicked-off-with-a-big-deal-signing-between-nbs-bank-and-afreximbank-at/1170116731802136/ https://www.facebook.com/CapitalFMMalawi/posts/the-us-embassy-in-malawi-says-the-newly-appointed-us-charg%C3%A9-daffaires-to-malawi-/1173880964759836/ https://www.facebook.com/standardbankmalawi/posts/malawi-is-rising-on-the-global-stageand-we-are-proud-to-be-part-of-it-as-a-leadi/1214031054104853/ https://www.facebook.com/malawigovernment/posts/tdb-reaffirms-support-to-malawis-development-agendaspeaking-after-a-bilateral-me/1265902015576627/ https://www.facebook.com/61550234496071/posts/breaking-newshis-excellency-professor-arthur-peter-mutharika-has-delegated-minis/122326153646007816/ https://www.facebook.com/100068911191908/posts/honourable-george-chaponda-mp-minister-of-foreign-affairs-held-an-audience-with-/1125998736373822/ https://www.facebook.com/MalawiVoice.malawivoice/posts/goup-regional-vicepresident-for-eastern-andsouthern-africa-to-visitmalawililongw/1404821684981539/ https://www.facebook.com/lunthatelevision/posts/another-delegation-from-uganda-has-arrived-in-the-country-to-attend-the-business/1304141805063518/
undated,us-health-agreement-signing-delayed,Malawi,,undated,Caleb Orr,"Instead, Caleb Orr, a Department of State official in charge of energy and business development traveled to Zambia, met with Zambian President Hakainde ...",2,2,https://emilysbass.substack.com/p/us-delays-zambia-health-agreement https://www.facebook.com/DailyRevelationzm/posts/kenyan-economist-criticises-15b-usa-health-package-for-zambiakenyan-economist-ne/1546927000775179/
undated,yilla-malawi-faith-based-health,Malawi,,undated,Mamadi Yilla,"Deputy Assistant Secretary Mamadi Yilla, Charg√© Melania Arreaga, and Deputy Chief of Staff Laken Rapier met Malawian faith leaders and faith-based health ...",2,2,https://www.facebook.com/CHAMalawi/posts/deputy-assistant-secretary-of-state-for-health-policy-and-diplomacy-mamadi-yilla/1263456492475451/ https://x.com/USEmbassyLLW/status/1994322934354055199
undated,rubio-mexico-city-cartels-border,Mexico,,undated,Marco Rubio,"U.S. Secretary of State Marco Rubio addressed the media in Mexico City amidst his tour of Latin America, underscoring U.S. efforts to confront drug cartels, ...",1,1,https://www.youtube.com/watch?v=INMMMZIbcRE
undated,rubio-mexico-cross-border-security-agreement,Mexico,,undated,Marco Rubio,"Mexico and the United States on Wednesday agreed during U.S. Secretary of State Marco Rubio's visit to keep collaborating on cross-border security, ...",1,1,https://www.pbs.org/newshour/world/watch-live-rubio-holds-briefing-with-mexican-foreign-secretary-juan-ramon-de-la-fuente
undated,fitrell-mozambique-maputo-muhate-meeting,Mozambique,,undated,Troy Fitrell,"The commitment was made during a meeting between Mozambique's Minister of Economy, Basilio Muhate, and the head of the US Government Delegation, Troy Fitrell, ...",4,4,https://www.facebook.com/DumaBokoUDC/posts/ive-just-arrived-in-maputo-mozambique-for-an-official-visit-with-a-strong-focus-/1186765052805656/ https://www.facebook.com/williamsamoei/posts/kenya-and-mozambique-have-strong-and-cordial-bilateral-and-diplomatic-relations-/1415956419885627/ https://www.facebook.com/EnabelBelgium/posts/-strengthening-economic-cooperation-between-mozambique-and-belgium-as-mozambique/1365344725622638/ https://www.facebook.com/poaenglish/posts/russia-and-mozambique-reaffirm-long-standing-partnership-through-high-level-meet/122186575856683092/
undated,mozambique-us-africa-summit-partnership,Mozambique,,undated,Troy Fitrell,"... Troy Fitrell, director of the Secretariat for African Affairs at the State Department. During the meeting, which took place on the sidelines of the summit ...",1,1,https://www.instagram.com/p/DLhn4ThNTfQ/
undated,pratt-mozambique-chapo-business,Mozambique,,undated,Jonathan Pratt,"Together with President Chapo, Ambassador Jonathan Pratt‚Äîthe Senior Bureau Official leading the Department of State's Bureau of African Affairs‚Äîand business ...",2,2,https://www.linkedin.com/posts/u-s--chamber-of-commerce_this-week-at-the-chamber-by-bringing-activity-7390485293109309440-wcnT https://www.instagram.com/p/DQhz50yDwET/
undated,troutman-mozambique-business-roundtable,Mozambique,,undated,Sarah Troutman,"Sarah Troutman, during her official visit toMozambique, and the Charg√© d'Affaires, Abigail L. Dressel. The roundtable was attended by 20 senior executives ...",1,1,https://www.amcham.org.mz/index.php/pt/events/index-php-option-com-content-view-article-layout-edit-id-8/13-vistabank-ceo
undated,troutman-mozambique-economy-ministry,Mozambique,,undated,Sarah Troutman,Dressel e Sarah Troutman no Minist√©rio da Economia para refor√ßar a coopera√ß√£o econ√≥mica entre e . Parcerias s√≥lidas constroem crescimento ...,1,1,https://www.instagram.com/reel/DJkZgnhCddD/
undated,troutman-mozambique-embassy-visit,Mozambique,,undated,Sarah Troutman,"‚ÄúThe U.S. Embassy in Mozambique is pleased to welcome Deputy Assistant Secretary for the Bureau of African Affairs Sarah Troutman, visiting from Washington, ...",1,1,https://www.instagram.com/p/DVQMabdllMJ/
undated,rubio-nicaragua-regime-statement,Nicaragua,,undated,Marco Rubio,"Secretary Marco Rubio (@SecRubio). As I stated during my first visit to our region, the Nicaraguan regime is an enemy of humanity.",1,1,https://x.com/SecRubio/status/1913304078798766370?lang=en
undated,checker-niamey-egal-a-egal-cooperation,Niger,,undated,Nick Checker,"Apr√®s Bamako et Ouagadougou, le diplomate am√©ricain Nick Checker est attendu √† Niamey pour relancer une coop√©ration dite ¬´ d'√©gal √† √©gal ¬ª. Un signal dans ...",1,1,https://www.tiktok.com/@jeff_jeudy/video/7544044165600906526
undated,checker-niamey-nigerien-officials-travel,Niger,,undated,Nick Checker,Senior Bureau Official Nick Checker is traveling to Niamey to meet with Nigerien officials. He looks forward to reaffirming the United States' respect for ...,1,1,https://x.com/AsstSecStateAF/status/2032171461755232347
undated,checker-niger-pm-zeine-call,Niger,,undated,Nick Checker,Senior Bureau Official for African Affairs Nick Checker held a call with Prime Minister Ali Mahaman Lamine Zeine to reaffirm U.S. respect for Niger's ...,1,1,https://x.com/AsstSecStateAF/status/2022326914573111758
undated,checker-niger-pm-zeine-fm-sangare-niamey,Niger,,undated,Nick Checker,"US State Dept's Africa Bureau Chief and ex-CIA operative Nick Checker met with Nigerien Prime Minister Zeine and Foreign Minister Sangare in Niamey, Niger.",1,1,https://x.com/BrantPhilip_/status/2033810148406304848
undated,checker-niger-sahel-ties-talks,Niger,,undated,Nick Checker,"A senior U.S. diplomat, Nick Checker, held high-level talks in Niger to explore rebuilding ties with Sahel's military-led governments. The discussions targeted ...",6,6,https://www.facebook.com/DOSAfricanAffairs/posts/senior-bureau-official-nick-checker-is-traveling-to-bamako-to-convey-the-united-/1341257938041461/ https://www.facebook.com/DOSAfricanAffairs/posts/senior-bureau-official-for-african-affairs-nick-checker-held-a-call-with-prime-m/1353038950196693/ https://www.facebook.com/DOSAfricanAffairs/posts/senior-bureau-official-nick-checker-is-traveling-to-niamey-to-meet-with-nigerien/1376196557880932/ https://www.instagram.com/p/DV8Mzh4jOP7/ https://www.linkedin.com/posts/businessinsiderssa_a-senior-us-diplomat-nick-checker-held-activity-7439245131012034560-qCCV https://www.facebook.com/cgtnafrica/posts/malian-authorities-say-current-talks-with-the-us-focus-on-diplomacy-regional-sta/1408399647993082/
undated,checker-sahel-bamako-engagement,Niger,,undated,Nick Checker,"Selon le d√©partement d'√©tat aux affaires Africaines ‚Ä¢ Nick Checker, haut responsable am√©ricain, se rendra √† Bamako pour r√©affirmer le respect des √âtats-Unis ...",7,7,https://www.facebook.com/100004743434865/posts/sahel-nations-unite-mali-burkina-faso-and-niger-sign-historic-security-pact-with/3248117858689630/ https://www.facebook.com/WIONews/posts/trump-eying-minerals-in-sahel-donald-trump-is-resetting-relations-with-west-afri/1122919176613922/ https://www.facebook.com/arfsBlog/posts/the-united-states-is-actively-executing-a-pragmatic-security-first-strategy-to-r/1576091200547787/ https://www.facebook.com/trtafrika/posts/burkina-faso-and-mali-did-not-send-representatives-to-a-continental-military-mee/752824397536365/ https://www.facebook.com/DOSAfricanAffairs/posts/how-is-the-united-states-resetting-relations-in-the-sahel-senior-bureau-official/1399873045513283/ https://www.facebook.com/DOSAfricanAffairs/posts/we-are-prioritizing-partnerships-that-matter-aligning-our-resources-with-our-str/1410900141077240/ https://www.facebook.com/U.S.EmbassyNiamey/posts/the-us-department-of-state-is-deepening-partnerships-through-more-commercial-dip/1203208888512785/
undated,fitrell-niger-pm-zeine-meeting,Niger,,undated,Troy Fitrell,"Niger's Prime Minister Ali Lamine Zeine met with Troy Fitrell, Senior Bureau Official leading the US @StateDept Bureau of African Affairs and ...",1,1,https://x.com/fabsenbln/status/1915826523409391707
undated,us-sahel-mali-niger-burkina-outreach,Niger,,undated,Nick Checker,"The United Statesüá∫üá∏ is seeking to strengthen relations with Mali, Niger and Burkina Faso as Russia expands its military presence across the Sahel ...",1,1,https://www.facebook.com/africaishome2/posts/the-united-states-is-seeking-to-strengthen-relations-with-mali-niger-and-burkina/1615332183287673/
undated,boulos-denies-nigeria-religious-genocide,Nigeria,,undated,Massad Boulos,"Senior Adviser to U.S. President Donald Trump on Arab and African Affairs, Massad Boulos, has dismissed claims of religious persecution in Nigeria as ...",3,3,https://www.youtube.com/watch?v=poYJ75sRp60 https://www.youtube.com/watch?v=bsIWbUdyz6w https://www.facebook.com/news.von/posts/senior-adviser-to-us-president-donald-trump-on-arab-and-african-affairs-massad-b/806012812147523/
undated,boulos-nigeria-counterterrorism-maritime-talks,Nigeria,,undated,Massad Boulos,"... Massad Boulos, Senior Advisor to former U.S. President Donald Trump for Arab and African Affairs. Discussions focused on counter-terrorism, maritime ...",1,1,https://www.youtube.com/watch?v=cYqlardSpn0
undated,checker-nigeria-engagement-progress,Nigeria,,undated,Nick Checker,"... Nick Checker, on whether engagements between Nigeria and the United States had yielded meaningful progress, particularly following actions taken under ...",2,2,https://www.facebook.com/groups/347117261995601/posts/32044156908531557/ https://www.facebook.com/DailyPostNigeria/posts/paul-ibe-media-aide-to-former-vice-president-atiku-abubakar-on-tuesday-accused-p/1227573426068970/
undated,checker-nigeria-secam-caritas-meeting,Nigeria,,undated,Nick Checker,"Senior Bureau Official Nick Checker met with leaders from SECAM SCEAM and Caritas Africa, alongside Catholic Relief Services and United States Conference of ...",1,1,https://www.facebook.com/DOSAfricanAffairs/photos/nigeria-is-on-track-to-become-the-worlds-third-largest-country-by-population-wit/1235004728666783/
undated,garcia-abuja-first-stop-address,Nigeria,,undated,Frank Garcia,"Hello, I'm Frank Garcia, the US Assistant Secretary of State for African Affairs. I'm honored to be here in Abuja and proud that Nigeria is my first stop on the ...",1,1,https://www.facebook.com/usinnigeria/videos/assistant-secretary-frank-garcia-speaks-directly-from-us-mission-nigeria-on-the-/1035382872316223/
undated,garcia-first-africa-trip-nigeria-civ-mali,Nigeria,,undated,Frank Garcia,"Assistant Secretary Frank Garcia will visit Nigeria, C√¥te d'Ivoire, and Mali to advance objectives that keep Americans safe, promote economic prosperity in the ...",5,5,https://www.instagram.com/p/DWw9Z1IjCPx/?hl=en https://www.instagram.com/p/DZvHFo-FWBJ/ https://www.facebook.com/DOSAfricanAffairs/posts/assistant-secretary-frank-garcia-will-visit-nigeria-c%C3%B4te-divoire-and-mali-to-adv/1481396520694268/ https://x.com/AsstSecStateAF/status/2075696286523703496 https://www.facebook.com/businessinsiderssa/posts/the-top-us-diplomat-for-africa-frank-garcia-is-visiting-nigeria-c%C3%B4te-divoire-and/1056377326949211/
undated,garcia-nigeria-proposed-migration-deal-tinubu,Nigeria,,undated,Frank Garcia,US envoy Frank Garcia is expected to present a proposed migration deal to Nigerian President Bola Ahmed Tinubu during high-level talks.,1,1,https://www.youtube.com/watch?v=OQsK6ZddZJY
undated,hooker-nigeria-nsa-ribadu-meeting-2025-01,Nigeria,,undated,Allison Hooker,"During his meeting with Under Secretary for Political Affairs Allison Hooker at the U.S. Department of State, NSA Ribadu expressed Nigeria's appreciation to the ...",5,5,https://www.facebook.com/photo.php?fbid=1111928820974168&id=100064711808048&set=a.642897187877336 https://www.facebook.com/photo.php?fbid=1127513646082352&id=100064711808048&set=a.642897187877336 https://www.instagram.com/reel/DYHWSP3txK6/ https://www.facebook.com/groups/1427724447283583/posts/23866332639662777/ https://www.facebook.com/EveAfriqueNews/photos/d41d8cd9/1179494780851744/
undated,hooker-nigeria-ribadu-tunji-ojo-2026-03,Nigeria,,undated,,,0,0,
undated,mills-announces-us-deportees-dropped-lagos,Nigeria,,undated,Richard Mills,"The U.S. Ambassador to Nigeria, Richard Mills Jr., has announced that individuals being deported from the U.S. will be dropped to Lagos, Nigeria. Mills Jr.",1,1,https://x.com/Imranmuhdz/status/1891222289880097108
undated,mills-nigeria-bilateral-trade-13bn,Nigeria,,undated,Richard Mills,"The United States' Ambassador to Nigeria, Richard Mills, has announced that bilateral trade between the two countries has soared to about 13 billion dollars ...",1,1,https://www.facebook.com/punchnewspaper/posts/the-united-states-ambassador-to-nigeria-richard-mills-has-announced-that-bilater/1166598162171032/
undated,mills-nigeria-commercial-strategy-launch,Nigeria,,undated,Richard Mills,"The US Ambassador to Nigeria, Richard Mills, has said that the American Government has launched a new commercial sub-Africa strategy of trade between Nigeria ...",1,1,https://www.facebook.com/itvradiong/videos/us-nigeria-relations-us-ambassador-says-no-more-aids-to-africa/754505873683798/
undated,mills-nigeria-efcc-olukoyede-meeting,Nigeria,,undated,Richard Mills,"142 likes, 3 comments - usinnigeria on March 12, 2025: ""Ambassador Richard Mills met @officialefcc Executive Chairman Olaonipekun Olukoyede to discuss the ...",1,1,https://www.instagram.com/p/DHF6NeUtorc/?hl=en
undated,mills-recalled-from-nigeria,Nigeria,,undated,Richard Mills,Richard Mills Departs Nigeria Following Trump's Recall of US Envoys Richard Mills has officially ended his tenure as the United States ambassador to Nigeria ...,5,5,https://www.facebook.com/thecableng/posts/photos-richard-mills-exits-nigeria-after-trump-recalls-us-envoysrichard-mills-ha/1205593281756976/ https://www.facebook.com/usinnigeria/posts/friday-january-16-2026-was-ambassador-richard-millss-last-day-as-us-ambassador-t/1298498338974405/ https://www.facebook.com/politicalaffairsgroup/posts/breaking-newsrichard-mills-exits-nigeria-after-president-trump-recalls-us-envoys/1410344500550117/ https://www.linkedin.com/posts/nairametrics_united-states-president-donald-trump-has-activity-7408891981214486528-gxiX https://www.instagram.com/p/DSkhxSniKOZ/
undated,nigeria-country-of-particular-concern-hearing,Nigeria,,undated,Jonathan Pratt,Subcommittee on Africa Chairman Chris Smith Witnesses: Panel 1: The Honorable Jonathan Pratt Senior Bureau Official Bureau of African Affairs U.S. Department of ...,1,1,https://www.youtube.com/watch?v=Qxm_lQWeRrk
undated,nigeria-signs-artemis-accords-us-africa-summit,Nigeria,,undated,Troy Fitrell,... Troy Fitrell said: üó£Ô∏è ‚ÄúAfrica is not the same place it was 25 years ago... and neither is the world.‚Äù From a new U.S. commercial strategy launched in ...,1,1,https://www.tiktok.com/@profisapantami/video/7595541747107761416
undated,pratt-nigeria-christian-persecution-taskforce,Nigeria,,undated,Jonathan Pratt,"US to partner Nigeria on task force to address Christian persecution claims, says state department official Jonathan Pratt, senior official at the US state ...",2,2,https://www.facebook.com/tvcnewsng/posts/us-house-committee-to-investigate-alleged-christian-persecution-in-nigeriaread-m/1273339841493818/ https://www.facebook.com/punchnewspaper/posts/%F0%9D%97%A8%F0%9D%97%A6-%F0%9D%97%B9%F0%9D%97%AE%F0%9D%98%84%F0%9D%97%BA%F0%9D%97%AE%F0%9D%97%B8%F0%9D%97%B2%F0%9D%97%BF%F0%9D%98%80-%F0%9D%98%82%F0%9D%97%BB%F0%9D%98%83%F0%9D%97%B2%F0%9D%97%B6%F0%9D%97%B9-%F0%9D%97%AF%F0%9D%97%B6%F0%9D%97%B9%F0%9D%97%B9-%F0%9D%98%81%F0%9D%97%BC-%F0%9D%98%81%F0%9D%97%AE%F0%9D%97%B0%F0%9D%97%B8%F0%9D%97%B9%F0%9D%97%B2-%F0%9D%97%96%F0%9D%97%B5%F0%9D%97%BF%F0%9D%97%B6%F0%9D%98%80%F0%9D%98%81%F0%9D%97%B6%F0%9D%97%AE%F0%9D%97%BB-%F0%9D%97%BD%F0%9D%97%B2%F0%9D%97%BF%F0%9D%98%80%F0%9D%97%B2%F0%9D%97%B0%F0%9D%98%82%F0%9D%98%81%F0%9D%97%B6%F0%9D%97%BC%F0%9D%97%BB-%F0%9D%97%B6%F0%9D%97%BB-%F0%9D%97%A1%F0%9D%97%B6%F0%9D%97%B4%F0%9D%97%B2%F0%9D%97%BF%F0%9D%97%B6%F0%9D%97%AE-us-lawmakers/1353625666801613/
undated,trump-recalls-13-african-ambassadors,Nigeria,,undated,Richard Mills,"US President Donald Trump has recalled US Ambassador to Nigeria Richard Mills, along with ambassadors from 12 other African countries, including Burundi, ...",1,1,https://x.com/cgtnafrica/status/2003063713159434613
undated,tunji-ojo-mills-visa-procedure-changes,Nigeria,,undated,Richard Mills,"Olubunmi Tunji-Ojo met with Richard Mills, the United States Ambassador to Nigeria, on Wednesday in Abuja to discuss recent changes to American visa procedures ...",1,1,https://www.instagram.com/p/DL7HZtntLT1/
undated,us-congress-probe-nigeria-killings,Nigeria,,undated,Jonathan Pratt,"... Jonathan Pratt, senior official, US Bureau of African Affairs Jacob McGee, Deputy Assistant Secretary, US Bureau of Democracy, Human Rights & Labor The ...",1,1,https://www.facebook.com/100063970753468/photos/us-congress-begins-probe-into-killings-in-nigeriathe-united-states-house-of-repr/1302669288542084/
undated,us-nigeria-bilateral-review-meetings-2025-03,Nigeria,,undated,Allison Hooker,... Allison Hooker; and Assistant Secretary of War Daniel Zimmerim. The meetings provided an opportunity for both sides to review the current state of Nigeria ...,3,3,https://www.facebook.com/groups/479232809442942/posts/1582879319078280/ https://www.instagram.com/reel/DIwiB2mC5Y7/ https://www.facebook.com/ntanetworknews/posts/1140984764873205/
undated,us-nigeria-commercial-investment-partnership-launch,Nigeria,,undated,Richard Mills,"A statement by the US embassy in Abuja states that this was at a working group meeting along with U.S. Ambassador to Nigeria, Richard Mills Jr. and Minister of ...",1,1,https://x.com/NTANewsNow/status/1937793863122362825
undated,us-nigeria-counterterrorism-defence-talks-2025-11,Nigeria,,undated,Allison Hooker,"... Allison Hooker and Assistant Secretary Daniel Zimmerim. The discussions focused on enhancing collaboration in counterterrorism, defence, intelligence ...",1,1,https://www.instagram.com/p/DRly5qND8B5/
undated,us-nigeria-defence-bilateral-talks-2025-04,Nigeria,,undated,Allison Hooker,... Allison Hooker and Assistant Secretary of War Daniel Zimmerim to review bilateral relations and strengthen collaboration. The talks focused on defence ...,2,2,https://www.facebook.com/news.von/photos/d41d8cd9/671895638892575/ https://www.facebook.com/photo.php?fbid=905655335516603&set=a.225273276888149&type=3
undated,us-nigeria-joint-working-group-abuja-2025-04,Nigeria,,undated,Allison Hooker,"US Under Secretary of State for Political Affairs, Allison Hooker, made the remarks during a high-level US-Nigeria Joint Working Group meeting in Abuja, co ...",1,1,https://www.instagram.com/p/DJEtLlPoaZQ/
undated,orr-panama-atlantic-council-investment-forum,Panama,,undated,Caleb Orr,"... Caleb Orr, en su intervenci√≥n dentro del Foro ‚ÄúInversi√≥n Estadounidense en Latino Am√©rica y el Caribe‚Äù convocado hoy por el Atlantic Council de Washington ...",2,2,https://www.instagram.com/reel/DFLW_SNvSP1/?hl=en https://www.instagram.com/reel/DHZLRhoJB_D/
undated,rubio-panama-first-foreign-trip,Panama,,undated,Marco Rubio,"Secretary of State Marco Rubio is on his first foreign trip in office, arriving in Central America on Saturday to press President Donald Trump's top ...",1,1,https://www.youtube.com/watch?v=a5Egzy5cMK4
undated,rubio-panama-mulino-meeting,Panama,,undated,Marco Rubio,Secretary Marco Rubio ¬∑ Department of State ¬∑ @SecRubio. I met with Panamanian President @JoseRaulMulino and Foreign Minister @javierachapma to make clear that ...,1,1,https://x.com/SecRubio/status/1886140933638430788
undated,landau-paraguay-senators-delegation,Paraguay,,undated,Landau,"Christopher Landau ¬∑ Department of State ¬∑ @DeputySecState. I was delighted to receive a delegation of Paraguayan Senators, led by Senate President @ ...",1,2,https://x.com/DeputySecState/status/1989463798147649958
undated,hooker-philippines-lazaro-2025-12,Philippines,,undated,,,0,0,
undated,hooker-philippines-lazaro-2026-04,Philippines,,undated,,,0,0,
undated,boulos-bbc-m23-rwanda-support,Rwanda,,undated,Massad Boulos,"In a sit-down with the BBC, US Senior Advisor for Africa, Massad Boulos, weighs in on the agreement's security framework and defends the controversial ...",1,1,https://www.youtube.com/shorts/xdG7P203Zg8
undated,boulos-calls-rwandan-troop-withdrawal-drc,Rwanda,,undated,Massad Boulos,U.S. Senior Advisor for Africa Massad Boulos has renewed Washington's call for the immediate withdrawal of Rwandan Defense Forces (RDF) from the Democratic ...,1,1,https://www.instagram.com/p/DZNZ0TvxXkm/
undated,boulos-doha-drc-rwanda-togo-representatives,Rwanda,,undated,Massad Boulos,"Today Massad Boulos , President Trump Advisor on Africa @US_SrAdvisorAF is meeting representatives from the Democratic Republic of the Congo, Rwanda, Togo ...",1,1,https://x.com/UKWELITIMES/status/1917534735519109402
undated,boulos-nduhungirehe-rwanda-drc-pact-discussion,Rwanda,,undated,Massad Boulos,"MASSAD BOULOS, MINISTER NDUHUNGIREHE DISCUSS RWANDA-DRC PACT // CAMEROON ELECTION CAMPAIGN BEGINS. @mamaurwagasabotv20 likes1.3K views10 months ago",1,1,https://www.youtube.com/watch?v=nRf7J2WVomg
undated,boulos-receives-drc-rwanda-draft-peace-text,Rwanda,,undated,Massad Boulos,"‚ÄúI welcome the draft text on a peace proposal received from both DR Congo and Rwanda,‚Äù Massad Boulos, US President Donald Trump's Senior Advisor for Africa, ...",1,1,https://www.instagram.com/p/DJTcct5sXk7/
undated,checker-named-us-ambassador-to-rwanda,Rwanda,,undated,Nick Checker,Perezida Donald Trump yagize Nicholas 'Nick' Checker Ambasaderi wa Leta Zunze Ubumwe za Amerika mu Rwanda. Nick Checker asimbuye Ambasaderi Eric Kneedler wavuye ...,87,87,https://www.instagram.com/p/DGTaCv_Ik8E/ https://www.instagram.com/reel/DGm8qXoT2pu/ https://www.instagram.com/reel/DGkZKQITXyb/?hl=en https://www.instagram.com/p/DJB8oF8oBxN/ https://www.instagram.com/reel/DJUXE10zCF5/?hl=en https://www.instagram.com/reel/DKPJCSxNa92/ https://www.instagram.com/reel/DLFXw8ZTeIJ/ https://www.instagram.com/reel/DL2tbD0u2o8/ https://www.instagram.com/reel/DL-ZQl3tZyv/ https://www.instagram.com/reel/DMp___8IKJK/?hl=en https://www.instagram.com/reel/DMzkVLpTdtd/ https://www.instagram.com/p/DMrw8vetp_z/
undated,drc-rwanda-peace-process-qatar-mediation,Rwanda,,undated,Massad Boulos,"The agreement was mediated through Qatar, a frequent US partner, and Massad Boulos, a Lebanese- American businessman and father-in-law of Trump's daughter ...",2,2,https://www.facebook.com/igihe/posts/us-envoy-boulos-upbeat-as-drc-rwanda-peace-process-advances-following-three-day-/1119108340245558/ https://www.facebook.com/TheNewTimesRwanda/posts/us-president-donald-trumps-senior-advisor-for-africa-massad-boulos-has-welcomed-/1287166820086309/
undated,fitrell-kwibuka31-commemoration-address,Rwanda,,undated,Troy Fitrell,"Troy Fitrell, Senior Official for African Affairs at the US Department of State, delivered a strong message during the 31st Commemoration of the Genocide ...",1,1,https://www.instagram.com/reel/DILF6xjssZs/
undated,fitrell-rwanda-embassy-priorities,Rwanda,,undated,Troy Fitrell,"Troy Fitrell, Acting Assistant Secretary for African Affairs at the U.S. Department of State, to discuss the administration's priorities and explore ...",2,2,https://www.linkedin.com/posts/embassy-of-rwanda-united-states-of-america_africa-activity-7292262716667252736-XeSs https://www.facebook.com/DOSAfricanAffairs/posts/excited-to-introduce-myself-as-the-senior-advisor-for-africa-grateful-to-be-here/1103210011846256/
undated,fitrell-rwanda-nduhungirehe-call,Rwanda,,undated,Troy Fitrell,"Troy Fitrell, Umunyamabanga Wungirije w'Agateganyo wa Amerika ushinzwe ibibazo bya Afurika. Ibiganiro byabo byibanze ku kurushaho gushimangira umubano ...",3,3,https://www.instagram.com/p/DF9zwURo1Ut/ https://www.linkedin.com/posts/embassy-of-rwanda-united-states-of-america_minister-olivier-jean-patrick-nduhungirehe-activity-7295441349842010116-96M1 https://m.facebook.com/kigalitoday/photos/minisitiri-amb-olivier-nduhungirehe-yaganiriye-na-amb-troy-fitrell-umunyamabanga/1017123253781820/
undated,kagame-receives-boulos-urugwiro-village,Rwanda,,undated,Massad Boulos,"This afternoon at Urugwiro Village, President Kagame received Massad Boulos, U.S. Senior Advisor for Africa and his delegation. They had a productive discussion ...",2,2,https://www.facebook.com/cgtnafrica/posts/rwandan-president-paul-kagame-met-with-us-senior-advisor-for-africa-massad-boulo/1271574251675623/ https://www.linkedin.com/posts/embassy-of-rwanda-united-states-of-america_today-president-kagame-met-with-massad-boulos-activity-7382067661792358400-7ocP
undated,kagame-receives-congressman-ronny-jackson,Rwanda,,undated,Ronny Jackson,"President Kagame received U.S. Congressman Dr. Ronny Jackson, the Chairman of the House Armed Services Committee on Intelligence and Special Operations for a ...",2,2,https://x.com/UrugwiroVillage/status/1903017118368481526 https://www.instagram.com/p/DHdP2PmNHQI/
undated,kagame-white-house-boulos-brokered-deal,Rwanda,,undated,Massad Boulos,"He praised his senior Africa adviser, Massad Boulos, for brokering the agreement. The deal includes troop withdrawals, rebel disarmament, and deeper U.S. ...",2,2,https://www.instagram.com/p/DR21z2ngf5l/ https://www.instagram.com/p/DSkV4ZICHzr/
undated,pratt-drc-rwanda-private-sector-roundtable,Rwanda,,undated,Jonathan Pratt,Senior Bureau Official Jonathan Pratt joined delegations from the DRC and Rwanda and representatives from the private sector for a roundtable hosted by ...,1,1,https://x.com/AsstSecStateAF/status/1961166973125235049
undated,rwanda-us-strategic-bilateral-dialogue-launch,Rwanda,,undated,Troy Fitrell,"Le haut responsable du @AsstSecStateAF, Troy Fitrell, a accueilli le ministre des AE rwandais @onduhungirehe pour lancer le 1er dialogue strat√©gique bilat√©ral ...",3,3,https://x.com/RwandaMFA/status/1916942027087827191 https://www.facebook.com/RwandaMFA/posts/today-minister-olivier-jean-patrick-nduhungirehe-participated-in-the-launch-of-t/1004722628435191/ https://x.com/USAenFrancais/status/1917499917334913420
undated,troutman-central-africa-drc-rwanda-file,Rwanda,,undated,Sarah Troutman,"... Sarah Troutman, secr√©taire adjointe au D√©partement d'√âtat am√©ricain charg√©e de l'Afrique centrale. Par ailleurs, le dossier RDC‚ÄìRwanda n'est d√©sormais plus ...",11,11,https://www.tiktok.com/@mikemb23/video/7466143649080921386 https://www.tiktok.com/@mikemb23/video/7471140527103151403 https://www.tiktok.com/@mikemb23/video/7476097209696554283 https://www.tiktok.com/@mikemb23/video/7484698786787233067 https://www.tiktok.com/@mikemb23/video/7487345169382116651 https://www.tiktok.com/@mikemb23/video/7486554054626184494 https://www.tiktok.com/@mikemb23/video/7489076643932327214 https://www.tiktok.com/@mikemb23/video/7489795517665398059 https://www.tiktok.com/@mikemb23/video/7512887547433913642 https://www.tiktok.com/@mikemb23/video/7518480391251021070 https://www.tiktok.com/@mikemb23/video/7525530049638976781
undated,troutman-congress-drc-rwanda-commitments,Rwanda,,undated,Sarah Troutman,"Devant les parlementaires, Sarah Troutman, secr√©taire adjointe pour l'Afrique centrale, a assur√© que les √âtats-Unis veilleront au respect des engagements ...",1,1,https://www.facebook.com/actualiteCD/posts/alors-que-la-rdc-et-le-rwanda-sont-en-pourparlers-devant-aboutir-%C3%A0-un-accord-de-/1091277336366829/
undated,troutman-ruto-rwanda-drc-peace-reaction,Rwanda,,undated,Sarah Troutman,"""Rwanda has shown the world what is possible when a nation chooses to build rather than to break."" Sarah Troutman, Deputy Assistant Secretary, U.S. Department ...",4,4,https://www.instagram.com/reel/DR4CGdvGJ4x/ https://x.com/RwandaInUSA/status/2074932838315483458 https://www.linkedin.com/posts/embassy-of-rwanda-united-states-of-america_kwibohora32-activity-7480700753775411200-oVQ0 https://www.facebook.com/erasme.rwanamiza.7/photos/-rwanda-has-shown-the-world-what-is-possible-when-a-nation-chooses-to-build-rath/2563349154121553/
undated,troutman-rwanda-kwibohora-remarks,Rwanda,,undated,Sarah Troutman,""" Sarah Troutman, Deputy Assistant Secretary, U.S. Department of State. ... Sarah Troutman Deputy Assistant Secretary Department of State Kwibohora ...",2,2,https://www.instagram.com/reel/DPhZQxUkcTU/ https://www.instagram.com/reel/DS-lhCeCKQd/?hl=en
undated,troutman-testimony-rwanda-nduhungirehe,Rwanda,,undated,Sarah Troutman,"üéôÔ∏è Testimony will be provided by Ms. Sarah Troutman, Deputy Assistant Secretary at the U.S. Department of State for African Affairs, who will present ...",3,3,https://www.facebook.com/africaglobalnews/posts/breaking-news-rwandas-foreign-minister-olivier-nduhungirehe-and-his-counterpart-/1244512587673901/ https://www.facebook.com/KyadondoEastMP/posts/as-the-us-has-facilitated-a-peaceful-solution-to-the-drc-conflict-normalising-re/1293103495714162/ https://www.facebook.com/firstpostin/posts/firstpostafrica-a-diplomatic-row-has-erupted-between-rwanda-and-the-democratic-r/1452224803605169/
undated,unsc-resolution-rwanda-sanctions-drc,Rwanda,,undated,Dorothy Shea,"... Dorothy Shea, the U.S. deputy representative to the U.N., said the U.S. sanctions imposed Thursday on individuals linked to violence in the DRC aim to ...",1,1,https://www.youtube.com/watch?v=IO317LE5lPk
undated,us-rwanda-strategic-dialogue-hooker-2025-07,Rwanda,,undated,Allison Hooker,"Thank you, Undersecretary of State, Allison Hooker, for an edifying conversation on the status of U.S.-Rwanda strategic dialogue and our other shared ...",2,2,https://www.linkedin.com/posts/embassy-of-rwanda-united-states-of-america_us-activity-7351935295212199936-xwnn https://x.com/AmbMukantabana/status/1946084216170565667
undated,vance-rubio-boulos-rwanda-meeting,Rwanda,,undated,Massad Boulos,"The meeting was also attended by senior US government officials, including Vice President JD Vance, Secretary of State Marco Rubio, Massad Boulos, the US Senior ...",1,1,https://x.com/NewTimesRwanda/status/1996703042398241251
undated,yilla-rwanda-health-delegation,Rwanda,,undated,Mamadi Yilla,"Mamadi Yilla, Deputy Assistant Secretary for Global Health Policy & Diplomacy, together with the U.S. Ambassador to Rwanda. Discussions reaffirmed our continued ...",3,3,https://x.com/mupenzi_vanessa/with_replies https://x.com/TuyishimeAlbert/with_replies https://x.com/RwandaHealth/status/1988986764103475386
undated,yilla-rwanda-health-finance-ministers,Rwanda,,undated,Mamadi Yilla,"Mamadi Yilla. Ibiganiro byahuje iri tsinda n'abayobozi barimo Minisitiri w'Ubuzima, Dr Nsanzimana Sabin na Minisitiri w'Imari n'Igenamigambi, Yusuf Murangwa, ...",2,2,https://www.instagram.com/p/DRAPmw9DRCZ/ https://www.facebook.com/theupdaterwanda2020/posts/amafotokuri-uyu-wa-kane-guverinoma-yu-rwanda-yakiriye-abayobozi-bakuru-muri-mini/895050916182332/
undated,yilla-rwanda-zipline-delegation,Rwanda,,undated,Mamadi Yilla,"Last week, Zipline Rwanda hosted a high-level U.S. Government delegation including Dr. Mamadi Yilla, Deputy Coordinator for Health Diplomacy, and John Armiger, ...",2,2,https://www.instagram.com/p/DRXkFRZDCxV/ https://www.facebook.com/ZiplineRwanda/posts/last-week-zipline-rwanda-hosted-a-high-level-us-government-delegation-including-/1142853808059317/
undated,senegal-signs-artemis-accords-pratt-witness,Senegal,,undated,Jonathan Pratt,Senior Bureau Official Jonathan Pratt was pleased to witness Director General of the Senegalese Space Studies Agency Maram Ka√Ør√© sign the Artemis Accords on ...,2,2,https://x.com/AsstSecStateAF/status/1948492076238471306 https://www.instagram.com/p/DMkAdy_oScb/
undated,checker-senate-testimony-africa-approach,Sierra Leone,,undated,Nick Checker,""" - Senior Bureau Official for African Affairs Nick Checker during his testimony before the Senate Foreign Relations Committee on ‚ÄúThe U.S. Approach to ...",7,7,https://www.facebook.com/monrovia.usembassy/photos/d41d8cd9/1137654898390017/ https://www.facebook.com/monrovia.usembassy/photos/d41d8cd9/1160346782787495/ https://www.facebook.com/monrovia.usembassy/photos/d41d8cd9/1164059182416255/?set=a.300612172094298 https://www.facebook.com/DOSAfricanAffairs/photos/statement-on-south-sudan/1301665942000661/ https://x.com/AsstSecStateAF/status/2047385066364674227 https://m.facebook.com/sierraleone.usembassy/photos/d41d8cd9/1106947444812312/ https://www.facebook.com/sierraleone.usembassy/photos/1143660367807686/
undated,checker-sierra-leone-bio-commercial-ties,Sierra Leone,,undated,Nick Checker,"US Senior Bureau Official, Nick Checker met with Sierra Leonean President Bio to advance broader commercial ties and to promote global supply chain ...",1,1,https://www.facebook.com/kamarainba/posts/us-senior-bureau-official-nick-checker-met-with-sierra-leonean-president-bio-to-/10165080318539416/
undated,checker-juba-south-sudan-talks-may,South Sudan,,undated,Nick Checker,"Africa Bureau Senior Bureau Official (SBO) Nick Checker traveled to Juba from May 7‚Äì8 for talks with senior South Sudanese officials, outlining Washington's ...",19,19,https://www.facebook.com/groups/178335330561331/posts/985171573211032/ https://www.facebook.com/groups/751956806860992/posts/1027252049331465/ https://www.facebook.com/groups/751956806860992/posts/1056678206388849/ https://www.facebook.com/groups/751956806860992/posts/1065785705478099/ https://www.facebook.com/groups/751956806860992/posts/1089490799774256/ https://www.facebook.com/61569132005519/photos/122149096214637733/ https://www.facebook.com/groups/178335330561331/posts/1143556324039222/ https://www.facebook.com/groups/751956806860992/posts/1168664001856935/ https://www.facebook.com/groups/178335330561331/posts/1144907237237464/ https://www.facebook.com/61569132005519/photos/d41d8cd9/122150584322637733/ https://www.facebook.com/groups/178335330561331/posts/1174837510911103/ https://www.facebook.com/groups/178335330561331/posts/1202451451483042/
undated,checker-kiir-machar-release-demands,South Sudan,,undated,Nick Checker,... Nick Checker from the State Department's Bureau of African Affairs. The U.S. reportedly presented four ‚Äúnon-negotiable‚Äù demands: 1. Unconditional release of ...,3,3,https://www.facebook.com/groups/2151639891847630/posts/2875761299435482/ https://www.facebook.com/100083061200735/videos/prof-patrick-lumumba-in-his-short-visit-to-juba-spoke-about-south-sudan-democrac/1115175637399413/ https://www.facebook.com/SouthSudan24/videos/riek-machar-treason-trial-set-on-sept-22-uganda-soldiers-graduate-in-juba-south-/1286345789343165/
undated,checker-south-sudan-governance-immigration,South Sudan,,undated,Nick Checker,"... Nick Checker, has called on South Sudanese leaders to urgently improve governance, restore peace, and strengthen cooperation on security and immigration ...",5,5,https://www.facebook.com/groups/467276896758622/posts/3095664257253193/ https://www.facebook.com/groups/526957180739462/posts/9521860741249016/ https://www.facebook.com/groups/526957180739462/posts/24150044331337415/ https://www.facebook.com/groups/457360764344600/posts/25208650135455653/ https://www.facebook.com/groups/457360764344600/posts/25554870144166982/
undated,checker-south-sudan-peace-progress-warning,South Sudan,,undated,Nick Checker,"Speaking in a strongly worded statement, Nick Checker, Senior Bureau Official at the U.S. Africa Bureau, warned that failure to show progress on peace ...",1,1,https://www.facebook.com/groups/457360764344600/posts/24984766014510734/
undated,shea-south-sudan-2018-agreement-criticism,South Sudan,,undated,Dorothy Shea,"... Dorothy Shea sharply criticised South Sudan's leaders, accusing them of abandoning the 2018 peace agreement, misusing public funds, and suppressing civic ...",1,1,https://www.facebook.com/SouthSudan24/posts/-breaking-newssouth-sudan-rejects-claims-of-obstructing-un-peacekeeping-calls-us/122271887576204738/
undated,shea-unmiss-mandate-renewal,South Sudan,,undated,Dorothy Shea,Dorothy Shea made the remarks during the adoption of a Security Council resolution renewing the mandate of the U.N. Mission in South Sudan (UNMISS) in New York.,2,2,https://www.facebook.com/ssbcnews/posts/unmiss-briefs-security-council-on-south-sudans-transitional-challengeslets-go-to/1055722736571746/ https://www.facebook.com/ssbcnews/posts/south-sudans-ambassador-cecilia-reaffirms-governments-commitment-to-peace-at-the/1112459764231376/
undated,checker-tanzania-finance-minister-washington,Tanzania,,undated,Nick Checker,"Senior Bureau Official for African Affairs Nick Checker met with Tanzanian Finance Minister Omar Khamis Mussa in Washington, D.C. to discuss the U.S.‚ÄìTanzania ...",1,1,https://x.com/usembassytz/status/2045032323385622710
undated,us-tanzania-dar-es-salaam-2026-03,Tanzania,,undated,,,0,0,
undated,us-tanzania-kombo-hooker-meeting,Tanzania,,undated,Allison Hooker,"... Allison Hooker. Katika kurasa za mitandao yao ya X (zamani Twitter) leo, Jumatano Juni 17, 2026, viongozi hao wamechapisha ujumbe kuonyesha wamekutana na ...",3,3,https://www.instagram.com/reel/DPOGq51CM9b/ https://www.instagram.com/reel/DWxVQJHCtQb/ https://www.instagram.com/p/DXhLUZHDJxU/
undated,yilla-tanzania-hiv-tb-cooperation,Tanzania,,undated,Mamadi Yilla,"... Mamadi Yilla. Mazungumzo hayo yamelenga namna Serikali ya Marekani itaendelea kushirikiana na Tanzania katika afua za kudhibiti VVU/UKIMWI, kifua kikuu ...",1,1,https://www.instagram.com/p/DO_iABHjUL4/
undated,boulos-museveni-uganda-meeting,Uganda,,undated,Massad Boulos,"U.S. Department of State Senior Advisor for Africa, Massad Boulos, met with President Museveni on Monday to discuss working together to support a peaceful ...",1,1,https://www.facebook.com/USEmbassyUganda/posts/us-department-of-state-senior-advisor-for-africa-massad-boulos-met-with-presiden/1086073000228354/
undated,checker-kampala-museveni-inauguration-2026,Uganda,,undated,Nick Checker,"We welcomed SBO Nick Checker to Kampala for #M7Swearsin2026 to advance our + shared goals, including shifting from aid to trade and investment ...",1,1,https://x.com/UgandaWaragiUSA?lang=bg
undated,checker-uganda-state-house-entebbe,Uganda,,undated,Nick Checker,"At @statehouseug , I met Mr. Nick Checker, the Senior Bureau Official in the U.S. Department of State's Bureau of African Affairs, who is representing President ...",32,32,https://www.tiktok.com/@museveniofficial/video/7524406098460167431 https://www.tiktok.com/@abc.3340/video/7536048750385581326 https://www.tiktok.com/@thenationalnews/video/7574502356964953345 https://www.tiktok.com/@rorystudiosnews/video/7577195465372929292 https://www.tiktok.com/@the.william.howar/video/7590860823464070414 https://www.instagram.com/p/DYGKGQ2IIHS/?__d=1%2F%3Fhidemenu%3Dtrue https://x.com/KagutaMuseveni/status/2053801309153726964 https://www.instagram.com/reel/DYzwUJqNiJS/ https://www.instagram.com/p/DYztSYzOwyD/?__d=1%E5%8F%AF%E5%90%A6%E6%9F%A5%E8%AF%A2%E4%BA%BA%E8%A1%8C%E5%BE%81%E4%BF%A1%E8%AF%A6%E7%89%88%2C%E6%9C%80%E5%AE%89%E5%BF%83%E7%9A%84%E5%95%86%E5%AE%B6%E7%BB%8F%E8%90%A5%E5%85%A8%E7%90%83%E7%A4%BE%E5%B7%A5%E5%BA%93%E2%9C%94%EF%B8%8Fchachaya.cyou https://www.tiktok.com/@wtol11toledo/video/7655271409173777677 https://www.tiktok.com/@uganda25601/video/7479431021105024262 https://www.tiktok.com/@uganda25601/video/7499910100505709879
undated,pratt-uganda-vp-alupo-meeting,Uganda,,undated,Jonathan Pratt,"Today, Senior Bureau Official Jonathan Pratt met with Ugandan Vice President Jessica Alupo @jessica_alupo. The United States appreciates Uganda's leadership ...",2,2,https://x.com/AsstSecStateAF/status/1997058857017725162 https://x.com/MKarekye/status/1997236188323733744
undated,troutman-uganda-commercial-diplomacy,Uganda,,undated,Sarah Troutman,U.S. Department of State Deputy Assistant Secretary Sarah Troutman held successful #commercialdiplomacy engagements with Uganda's government officials on ...,4,4,https://www.facebook.com/100044499273683/posts/redcarpet-moment-with-the-minister-council-celina-nabata-in-charge-of-commercial/1387532289406734/ https://www.facebook.com/USEmbassyUganda/videos/thanks-for-the-warm-visit-uganda-us-department-of-state-deputy-assistant-secreta/800932509688094/ https://www.facebook.com/USEmbassyUganda/posts/please-join-us-in-welcoming-mika-cleverley-the-new-charg%C3%A9-daffaires-cda-at-the-u/1440132734822377/ https://www.facebook.com/CapitalFMUganda/posts/a-few-highlights-from-a-memorable-visit-as-mr-mikael-cleverley-charg%C3%A9-daffaires-/1458232046343357/?locale=af_ZA
undated,troutman-uganda-exchange-alumni,Uganda,,undated,Sarah Troutman,Uganda's #ExchangeAlumni met with @statedept Deputy Assistant Secretary Sarah Troutman to share how they can apply lessons learned from their exchange ...,1,1,https://x.com/florenceadong
outside_60,,Mali,undated,approx_month,,"Atallah 'relaunched the political dialogue' in Bamako per a page tagged Burkina Faso — content is about Mali, not Burkina Faso; matched the country filter only via the page's own hashtag",1,,https://www.tiktok.com/@cheick_231/video/7522877353547107606
